ID,target
TEST_00000,11.0
TEST_00001,11.0
TEST_00002,11.0
TEST_00003,10.0
TEST_00004,11.0
TEST_00005,1.0
TEST_00006,5.0
TEST_00007,11.0
TEST_00008,10.0
TEST_00009,10.0
TEST_00010,18.0
TEST_00011,11.0
TEST_00012,10.0
TEST_00013,10.0
TEST_00014,10.0
TEST_00015,11.0
TEST_00016,9.0
TEST_00017,10.0
TEST_00018,11.0
TEST_00019,11.0
TEST_00020,8.0
TEST_00021,10.0
TEST_00022,11.0
TEST_00023,10.0
TEST_00024,11.0
TEST_00025,3.0
TEST_00026,8.0
TEST_00027,10.0
TEST_00028,14.0
TEST_00029,10.0
TEST_00030,11.0
TEST_00031,10.0
TEST_00032,2.0
TEST_00033,3.0
TEST_00034,21.0
TEST_00035,11.0
TEST_00036,10.0
TEST_00037,10.0
TEST_00038,11.0
TEST_00039,11.0
TEST_00040,12.0
TEST_00041,9.0
TEST_00042,10.0
TEST_00043,13.0
TEST_00044,10.0
TEST_00045,2.0
TEST_00046,10.0
TEST_00047,6.0
TEST_00048,15.0
TEST_00049,10.0
TEST_00050,10.0
TEST_00051,11.0
TEST_00052,10.0
TEST_00053,10.0
TEST_00054,10.0
TEST_00055,10.0
TEST_00056,11.0
TEST_00057,10.0
TEST_00058,14.0
TEST_00059,11.0
TEST_00060,11.0
TEST_00061,9.0
TEST_00062,2.0
TEST_00063,10.0
TEST_00064,11.0
TEST_00065,2.0
TEST_00066,7.0
TEST_00067,11.0
TEST_00068,10.0
TEST_00069,8.0
TEST_00070,4.0
TEST_00071,19.0
TEST_00072,16.0
TEST_00073,2.0
TEST_00074,11.0
TEST_00075,10.0
TEST_00076,15.0
TEST_00077,10.0
TEST_00078,3.0
TEST_00079,11.0
TEST_00080,10.0
TEST_00081,9.0
TEST_00082,10.0
TEST_00083,2.0
TEST_00084,4.0
TEST_00085,10.0
TEST_00086,3.0
TEST_00087,11.0
TEST_00088,9.0
TEST_00089,14.0
TEST_00090,10.0
TEST_00091,10.0
TEST_00092,18.0
TEST_00093,9.0
TEST_00094,11.0
TEST_00095,10.0
TEST_00096,3.0
TEST_00097,1.0
TEST_00098,10.0
TEST_00099,5.0
TEST_00100,3.0
TEST_00101,9.0
TEST_00102,11.0
TEST_00103,11.0
TEST_00104,11.0
TEST_00105,12.0
TEST_00106,9.0
TEST_00107,11.0
TEST_00108,10.0
TEST_00109,11.0
TEST_00110,10.0
TEST_00111,7.0
TEST_00112,11.0
TEST_00113,10.0
TEST_00114,5.0
TEST_00115,3.0
TEST_00116,9.0
TEST_00117,10.0
TEST_00118,10.0
TEST_00119,10.0
TEST_00120,12.0
TEST_00121,10.0
TEST_00122,11.0
TEST_00123,9.0
TEST_00124,15.0
TEST_00125,3.0
TEST_00126,3.0
TEST_00127,5.0
TEST_00128,13.0
TEST_00129,2.0
TEST_00130,11.0
TEST_00131,7.0
TEST_00132,5.0
TEST_00133,11.0
TEST_00134,3.0
TEST_00135,10.0
TEST_00136,12.0
TEST_00137,11.0
TEST_00138,10.0
TEST_00139,19.0
TEST_00140,11.0
TEST_00141,10.0
TEST_00142,11.0
TEST_00143,11.0
TEST_00144,10.0
TEST_00145,9.0
TEST_00146,15.0
TEST_00147,2.0
TEST_00148,12.0
TEST_00149,11.0
TEST_00150,11.0
TEST_00151,10.0
TEST_00152,11.0
TEST_00153,10.0
TEST_00154,11.0
TEST_00155,3.0
TEST_00156,10.0
TEST_00157,10.0
TEST_00158,10.0
TEST_00159,2.0
TEST_00160,10.0
TEST_00161,12.0
TEST_00162,11.0
TEST_00163,10.0
TEST_00164,10.0
TEST_00165,11.0
TEST_00166,10.0
TEST_00167,11.0
TEST_00168,17.0
TEST_00169,13.0
TEST_00170,14.0
TEST_00171,11.0
TEST_00172,10.0
TEST_00173,6.0
TEST_00174,2.0
TEST_00175,1.0
TEST_00176,9.0
TEST_00177,11.0
TEST_00178,11.0
TEST_00179,10.0
TEST_00180,11.0
TEST_00181,12.0
TEST_00182,10.0
TEST_00183,3.0
TEST_00184,11.0
TEST_00185,11.0
TEST_00186,15.0
TEST_00187,10.0
TEST_00188,11.0
TEST_00189,10.0
TEST_00190,16.0
TEST_00191,5.0
TEST_00192,14.0
TEST_00193,12.0
TEST_00194,10.0
TEST_00195,8.0
TEST_00196,9.0
TEST_00197,10.0
TEST_00198,10.0
TEST_00199,7.0
TEST_00200,11.0
TEST_00201,10.0
TEST_00202,10.0
TEST_00203,11.0
TEST_00204,11.0
TEST_00205,10.0
TEST_00206,11.0
TEST_00207,10.0
TEST_00208,11.0
TEST_00209,3.0
TEST_00210,3.0
TEST_00211,10.0
TEST_00212,10.0
TEST_00213,11.0
TEST_00214,17.0
TEST_00215,10.0
TEST_00216,10.0
TEST_00217,11.0
TEST_00218,8.0
TEST_00219,10.0
TEST_00220,7.0
TEST_00221,11.0
TEST_00222,10.0
TEST_00223,11.0
TEST_00224,10.0
TEST_00225,3.0
TEST_00226,10.0
TEST_00227,13.0
TEST_00228,11.0
TEST_00229,11.0
TEST_00230,12.0
TEST_00231,11.0
TEST_00232,11.0
TEST_00233,10.0
TEST_00234,6.0
TEST_00235,10.0
TEST_00236,11.0
TEST_00237,2.0
TEST_00238,12.0
TEST_00239,5.0
TEST_00240,10.0
TEST_00241,8.0
TEST_00242,12.0
TEST_00243,10.0
TEST_00244,10.0
TEST_00245,11.0
TEST_00246,10.0
TEST_00247,11.0
TEST_00248,10.0
TEST_00249,10.0
TEST_00250,11.0
TEST_00251,11.0
TEST_00252,3.0
TEST_00253,11.0
TEST_00254,11.0
TEST_00255,8.0
TEST_00256,11.0
TEST_00257,10.0
TEST_00258,16.0
TEST_00259,11.0
TEST_00260,13.0
TEST_00261,7.0
TEST_00262,10.0
TEST_00263,10.0
TEST_00264,10.0
TEST_00265,5.0
TEST_00266,11.0
TEST_00267,12.0
TEST_00268,8.0
TEST_00269,15.0
TEST_00270,2.0
TEST_00271,7.0
TEST_00272,10.0
TEST_00273,5.0
TEST_00274,3.0
TEST_00275,10.0
TEST_00276,16.0
TEST_00277,10.0
TEST_00278,11.0
TEST_00279,12.0
TEST_00280,9.0
TEST_00281,10.0
TEST_00282,10.0
TEST_00283,8.0
TEST_00284,8.0
TEST_00285,3.0
TEST_00286,11.0
TEST_00287,10.0
TEST_00288,7.0
TEST_00289,10.0
TEST_00290,11.0
TEST_00291,11.0
TEST_00292,6.0
TEST_00293,10.0
TEST_00294,10.0
TEST_00295,12.0
TEST_00296,11.0
TEST_00297,6.0
TEST_00298,11.0
TEST_00299,10.0
TEST_00300,10.0
TEST_00301,20.0
TEST_00302,3.0
TEST_00303,11.0
TEST_00304,6.0
TEST_00305,10.0
TEST_00306,11.0
TEST_00307,10.0
TEST_00308,10.0
TEST_00309,1.0
TEST_00310,2.0
TEST_00311,1.0
TEST_00312,11.0
TEST_00313,11.0
TEST_00314,11.0
TEST_00315,8.0
TEST_00316,2.0
TEST_00317,10.0
TEST_00318,10.0
TEST_00319,10.0
TEST_00320,3.0
TEST_00321,14.0
TEST_00322,12.0
TEST_00323,10.0
TEST_00324,11.0
TEST_00325,10.0
TEST_00326,11.0
TEST_00327,11.0
TEST_00328,10.0
TEST_00329,10.0
TEST_00330,10.0
TEST_00331,10.0
TEST_00332,10.0
TEST_00333,11.0
TEST_00334,10.0
TEST_00335,9.0
TEST_00336,10.0
TEST_00337,10.0
TEST_00338,11.0
TEST_00339,11.0
TEST_00340,11.0
TEST_00341,11.0
TEST_00342,7.0
TEST_00343,9.0
TEST_00344,13.0
TEST_00345,10.0
TEST_00346,10.0
TEST_00347,10.0
TEST_00348,11.0
TEST_00349,10.0
TEST_00350,10.0
TEST_00351,11.0
TEST_00352,10.0
TEST_00353,10.0
TEST_00354,11.0
TEST_00355,5.0
TEST_00356,8.0
TEST_00357,8.0
TEST_00358,11.0
TEST_00359,3.0
TEST_00360,2.0
TEST_00361,15.0
TEST_00362,10.0
TEST_00363,21.0
TEST_00364,15.0
TEST_00365,9.0
TEST_00366,11.0
TEST_00367,8.0
TEST_00368,10.0
TEST_00369,10.0
TEST_00370,11.0
TEST_00371,3.0
TEST_00372,10.0
TEST_00373,16.0
TEST_00374,11.0
TEST_00375,11.0
TEST_00376,10.0
TEST_00377,11.0
TEST_00378,10.0
TEST_00379,10.0
TEST_00380,6.0
TEST_00381,10.0
TEST_00382,11.0
TEST_00383,10.0
TEST_00384,11.0
TEST_00385,5.0
TEST_00386,11.0
TEST_00387,2.0
TEST_00388,9.0
TEST_00389,10.0
TEST_00390,10.0
TEST_00391,11.0
TEST_00392,12.0
TEST_00393,11.0
TEST_00394,10.0
TEST_00395,12.0
TEST_00396,11.0
TEST_00397,9.0
TEST_00398,2.0
TEST_00399,11.0
TEST_00400,10.0
TEST_00401,10.0
TEST_00402,10.0
TEST_00403,18.0
TEST_00404,11.0
TEST_00405,11.0
TEST_00406,21.0
TEST_00407,10.0
TEST_00408,10.0
TEST_00409,2.0
TEST_00410,16.0
TEST_00411,10.0
TEST_00412,10.0
TEST_00413,10.0
TEST_00414,8.0
TEST_00415,10.0
TEST_00416,10.0
TEST_00417,11.0
TEST_00418,10.0
TEST_00419,10.0
TEST_00420,11.0
TEST_00421,11.0
TEST_00422,10.0
TEST_00423,11.0
TEST_00424,11.0
TEST_00425,10.0
TEST_00426,11.0
TEST_00427,10.0
TEST_00428,10.0
TEST_00429,11.0
TEST_00430,2.0
TEST_00431,11.0
TEST_00432,13.0
TEST_00433,10.0
TEST_00434,3.0
TEST_00435,11.0
TEST_00436,11.0
TEST_00437,10.0
TEST_00438,11.0
TEST_00439,11.0
TEST_00440,15.0
TEST_00441,9.0
TEST_00442,10.0
TEST_00443,12.0
TEST_00444,11.0
TEST_00445,10.0
TEST_00446,10.0
TEST_00447,11.0
TEST_00448,10.0
TEST_00449,11.0
TEST_00450,10.0
TEST_00451,10.0
TEST_00452,9.0
TEST_00453,10.0
TEST_00454,3.0
TEST_00455,10.0
TEST_00456,11.0
TEST_00457,10.0
TEST_00458,7.0
TEST_00459,10.0
TEST_00460,9.0
TEST_00461,11.0
TEST_00462,10.0
TEST_00463,11.0
TEST_00464,11.0
TEST_00465,9.0
TEST_00466,10.0
TEST_00467,11.0
TEST_00468,10.0
TEST_00469,9.0
TEST_00470,11.0
TEST_00471,10.0
TEST_00472,15.0
TEST_00473,12.0
TEST_00474,10.0
TEST_00475,3.0
TEST_00476,10.0
TEST_00477,10.0
TEST_00478,11.0
TEST_00479,10.0
TEST_00480,10.0
TEST_00481,5.0
TEST_00482,10.0
TEST_00483,10.0
TEST_00484,12.0
TEST_00485,11.0
TEST_00486,2.0
TEST_00487,10.0
TEST_00488,12.0
TEST_00489,11.0
TEST_00490,14.0
TEST_00491,14.0
TEST_00492,2.0
TEST_00493,10.0
TEST_00494,10.0
TEST_00495,10.0
TEST_00496,10.0
TEST_00497,17.0
TEST_00498,10.0
TEST_00499,10.0
TEST_00500,10.0
TEST_00501,8.0
TEST_00502,11.0
TEST_00503,9.0
TEST_00504,3.0
TEST_00505,11.0
TEST_00506,10.0
TEST_00507,11.0
TEST_00508,12.0
TEST_00509,10.0
TEST_00510,10.0
TEST_00511,8.0
TEST_00512,10.0
TEST_00513,10.0
TEST_00514,10.0
TEST_00515,10.0
TEST_00516,11.0
TEST_00517,11.0
TEST_00518,10.0
TEST_00519,20.0
TEST_00520,11.0
TEST_00521,12.0
TEST_00522,10.0
TEST_00523,11.0
TEST_00524,19.0
TEST_00525,11.0
TEST_00526,17.0
TEST_00527,10.0
TEST_00528,10.0
TEST_00529,2.0
TEST_00530,16.0
TEST_00531,11.0
TEST_00532,10.0
TEST_00533,10.0
TEST_00534,6.0
TEST_00535,10.0
TEST_00536,10.0
TEST_00537,10.0
TEST_00538,10.0
TEST_00539,10.0
TEST_00540,11.0
TEST_00541,11.0
TEST_00542,10.0
TEST_00543,11.0
TEST_00544,10.0
TEST_00545,10.0
TEST_00546,10.0
TEST_00547,10.0
TEST_00548,11.0
TEST_00549,11.0
TEST_00550,10.0
TEST_00551,3.0
TEST_00552,11.0
TEST_00553,9.0
TEST_00554,4.0
TEST_00555,2.0
TEST_00556,10.0
TEST_00557,18.0
TEST_00558,16.0
TEST_00559,10.0
TEST_00560,11.0
TEST_00561,11.0
TEST_00562,8.0
TEST_00563,16.0
TEST_00564,3.0
TEST_00565,11.0
TEST_00566,11.0
TEST_00567,10.0
TEST_00568,10.0
TEST_00569,10.0
TEST_00570,10.0
TEST_00571,10.0
TEST_00572,10.0
TEST_00573,10.0
TEST_00574,8.0
TEST_00575,10.0
TEST_00576,10.0
TEST_00577,11.0
TEST_00578,11.0
TEST_00579,5.0
TEST_00580,10.0
TEST_00581,10.0
TEST_00582,9.0
TEST_00583,10.0
TEST_00584,10.0
TEST_00585,11.0
TEST_00586,17.0
TEST_00587,16.0
TEST_00588,2.0
TEST_00589,10.0
TEST_00590,11.0
TEST_00591,11.0
TEST_00592,0.0
TEST_00593,10.0
TEST_00594,20.0
TEST_00595,10.0
TEST_00596,10.0
TEST_00597,14.0
TEST_00598,11.0
TEST_00599,9.0
TEST_00600,11.0
TEST_00601,10.0
TEST_00602,10.0
TEST_00603,8.0
TEST_00604,12.0
TEST_00605,10.0
TEST_00606,8.0
TEST_00607,11.0
TEST_00608,10.0
TEST_00609,10.0
TEST_00610,10.0
TEST_00611,10.0
TEST_00612,10.0
TEST_00613,10.0
TEST_00614,13.0
TEST_00615,10.0
TEST_00616,10.0
TEST_00617,11.0
TEST_00618,13.0
TEST_00619,10.0
TEST_00620,10.0
TEST_00621,10.0
TEST_00622,10.0
TEST_00623,10.0
TEST_00624,11.0
TEST_00625,10.0
TEST_00626,12.0
TEST_00627,2.0
TEST_00628,10.0
TEST_00629,14.0
TEST_00630,18.0
TEST_00631,11.0
TEST_00632,11.0
TEST_00633,2.0
TEST_00634,11.0
TEST_00635,3.0
TEST_00636,10.0
TEST_00637,11.0
TEST_00638,10.0
TEST_00639,8.0
TEST_00640,11.0
TEST_00641,8.0
TEST_00642,12.0
TEST_00643,10.0
TEST_00644,10.0
TEST_00645,10.0
TEST_00646,10.0
TEST_00647,10.0
TEST_00648,11.0
TEST_00649,10.0
TEST_00650,18.0
TEST_00651,10.0
TEST_00652,9.0
TEST_00653,12.0
TEST_00654,2.0
TEST_00655,9.0
TEST_00656,9.0
TEST_00657,10.0
TEST_00658,4.0
TEST_00659,10.0
TEST_00660,13.0
TEST_00661,10.0
TEST_00662,12.0
TEST_00663,10.0
TEST_00664,10.0
TEST_00665,18.0
TEST_00666,11.0
TEST_00667,2.0
TEST_00668,10.0
TEST_00669,10.0
TEST_00670,21.0
TEST_00671,9.0
TEST_00672,10.0
TEST_00673,11.0
TEST_00674,10.0
TEST_00675,10.0
TEST_00676,10.0
TEST_00677,10.0
TEST_00678,10.0
TEST_00679,8.0
TEST_00680,11.0
TEST_00681,3.0
TEST_00682,18.0
TEST_00683,10.0
TEST_00684,10.0
TEST_00685,9.0
TEST_00686,11.0
TEST_00687,10.0
TEST_00688,2.0
TEST_00689,10.0
TEST_00690,11.0
TEST_00691,3.0
TEST_00692,11.0
TEST_00693,10.0
TEST_00694,11.0
TEST_00695,11.0
TEST_00696,10.0
TEST_00697,7.0
TEST_00698,13.0
TEST_00699,2.0
TEST_00700,9.0
TEST_00701,8.0
TEST_00702,10.0
TEST_00703,6.0
TEST_00704,10.0
TEST_00705,15.0
TEST_00706,10.0
TEST_00707,11.0
TEST_00708,7.0
TEST_00709,11.0
TEST_00710,11.0
TEST_00711,8.0
TEST_00712,10.0
TEST_00713,11.0
TEST_00714,8.0
TEST_00715,10.0
TEST_00716,2.0
TEST_00717,11.0
TEST_00718,11.0
TEST_00719,11.0
TEST_00720,11.0
TEST_00721,10.0
TEST_00722,10.0
TEST_00723,10.0
TEST_00724,10.0
TEST_00725,11.0
TEST_00726,10.0
TEST_00727,10.0
TEST_00728,10.0
TEST_00729,11.0
TEST_00730,11.0
TEST_00731,12.0
TEST_00732,11.0
TEST_00733,9.0
TEST_00734,11.0
TEST_00735,10.0
TEST_00736,10.0
TEST_00737,10.0
TEST_00738,11.0
TEST_00739,11.0
TEST_00740,13.0
TEST_00741,10.0
TEST_00742,6.0
TEST_00743,11.0
TEST_00744,10.0
TEST_00745,11.0
TEST_00746,8.0
TEST_00747,10.0
TEST_00748,12.0
TEST_00749,11.0
TEST_00750,11.0
TEST_00751,9.0
TEST_00752,11.0
TEST_00753,9.0
TEST_00754,10.0
TEST_00755,10.0
TEST_00756,10.0
TEST_00757,11.0
TEST_00758,16.0
TEST_00759,11.0
TEST_00760,11.0
TEST_00761,11.0
TEST_00762,10.0
TEST_00763,11.0
TEST_00764,11.0
TEST_00765,11.0
TEST_00766,9.0
TEST_00767,8.0
TEST_00768,10.0
TEST_00769,9.0
TEST_00770,10.0
TEST_00771,10.0
TEST_00772,12.0
TEST_00773,10.0
TEST_00774,8.0
TEST_00775,11.0
TEST_00776,2.0
TEST_00777,11.0
TEST_00778,11.0
TEST_00779,11.0
TEST_00780,10.0
TEST_00781,11.0
TEST_00782,15.0
TEST_00783,8.0
TEST_00784,10.0
TEST_00785,3.0
TEST_00786,11.0
TEST_00787,10.0
TEST_00788,10.0
TEST_00789,2.0
TEST_00790,18.0
TEST_00791,14.0
TEST_00792,9.0
TEST_00793,10.0
TEST_00794,10.0
TEST_00795,10.0
TEST_00796,22.0
TEST_00797,11.0
TEST_00798,10.0
TEST_00799,10.0
TEST_00800,10.0
TEST_00801,10.0
TEST_00802,11.0
TEST_00803,10.0
TEST_00804,11.0
TEST_00805,10.0
TEST_00806,10.0
TEST_00807,11.0
TEST_00808,10.0
TEST_00809,10.0
TEST_00810,10.0
TEST_00811,11.0
TEST_00812,1.0
TEST_00813,10.0
TEST_00814,11.0
TEST_00815,11.0
TEST_00816,10.0
TEST_00817,11.0
TEST_00818,11.0
TEST_00819,12.0
TEST_00820,11.0
TEST_00821,11.0
TEST_00822,8.0
TEST_00823,11.0
TEST_00824,10.0
TEST_00825,12.0
TEST_00826,11.0
TEST_00827,10.0
TEST_00828,11.0
TEST_00829,10.0
TEST_00830,12.0
TEST_00831,10.0
TEST_00832,10.0
TEST_00833,6.0
TEST_00834,10.0
TEST_00835,12.0
TEST_00836,11.0
TEST_00837,12.0
TEST_00838,10.0
TEST_00839,7.0
TEST_00840,10.0
TEST_00841,3.0
TEST_00842,11.0
TEST_00843,12.0
TEST_00844,3.0
TEST_00845,10.0
TEST_00846,11.0
TEST_00847,12.0
TEST_00848,10.0
TEST_00849,12.0
TEST_00850,8.0
TEST_00851,10.0
TEST_00852,10.0
TEST_00853,5.0
TEST_00854,10.0
TEST_00855,11.0
TEST_00856,11.0
TEST_00857,10.0
TEST_00858,10.0
TEST_00859,11.0
TEST_00860,11.0
TEST_00861,10.0
TEST_00862,10.0
TEST_00863,11.0
TEST_00864,10.0
TEST_00865,10.0
TEST_00866,10.0
TEST_00867,10.0
TEST_00868,10.0
TEST_00869,10.0
TEST_00870,10.0
TEST_00871,10.0
TEST_00872,8.0
TEST_00873,3.0
TEST_00874,16.0
TEST_00875,11.0
TEST_00876,16.0
TEST_00877,11.0
TEST_00878,3.0
TEST_00879,10.0
TEST_00880,10.0
TEST_00881,5.0
TEST_00882,10.0
TEST_00883,10.0
TEST_00884,10.0
TEST_00885,2.0
TEST_00886,16.0
TEST_00887,7.0
TEST_00888,14.0
TEST_00889,10.0
TEST_00890,11.0
TEST_00891,10.0
TEST_00892,9.0
TEST_00893,8.0
TEST_00894,10.0
TEST_00895,11.0
TEST_00896,11.0
TEST_00897,11.0
TEST_00898,4.0
TEST_00899,10.0
TEST_00900,9.0
TEST_00901,11.0
TEST_00902,5.0
TEST_00903,10.0
TEST_00904,5.0
TEST_00905,13.0
TEST_00906,7.0
TEST_00907,9.0
TEST_00908,11.0
TEST_00909,10.0
TEST_00910,11.0
TEST_00911,12.0
TEST_00912,1.0
TEST_00913,15.0
TEST_00914,10.0
TEST_00915,10.0
TEST_00916,11.0
TEST_00917,10.0
TEST_00918,11.0
TEST_00919,18.0
TEST_00920,10.0
TEST_00921,10.0
TEST_00922,11.0
TEST_00923,10.0
TEST_00924,11.0
TEST_00925,1.0
TEST_00926,14.0
TEST_00927,8.0
TEST_00928,4.0
TEST_00929,10.0
TEST_00930,10.0
TEST_00931,10.0
TEST_00932,15.0
TEST_00933,11.0
TEST_00934,10.0
TEST_00935,11.0
TEST_00936,14.0
TEST_00937,10.0
TEST_00938,8.0
TEST_00939,15.0
TEST_00940,10.0
TEST_00941,10.0
TEST_00942,11.0
TEST_00943,10.0
TEST_00944,12.0
TEST_00945,2.0
TEST_00946,15.0
TEST_00947,10.0
TEST_00948,11.0
TEST_00949,7.0
TEST_00950,10.0
TEST_00951,10.0
TEST_00952,10.0
TEST_00953,10.0
TEST_00954,7.0
TEST_00955,11.0
TEST_00956,12.0
TEST_00957,8.0
TEST_00958,11.0
TEST_00959,10.0
TEST_00960,10.0
TEST_00961,10.0
TEST_00962,10.0
TEST_00963,10.0
TEST_00964,11.0
TEST_00965,16.0
TEST_00966,11.0
TEST_00967,12.0
TEST_00968,10.0
TEST_00969,2.0
TEST_00970,11.0
TEST_00971,10.0
TEST_00972,10.0
TEST_00973,13.0
TEST_00974,11.0
TEST_00975,11.0
TEST_00976,3.0
TEST_00977,10.0
TEST_00978,10.0
TEST_00979,17.0
TEST_00980,10.0
TEST_00981,10.0
TEST_00982,9.0
TEST_00983,10.0
TEST_00984,14.0
TEST_00985,10.0
TEST_00986,6.0
TEST_00987,10.0
TEST_00988,18.0
TEST_00989,3.0
TEST_00990,12.0
TEST_00991,3.0
TEST_00992,6.0
TEST_00993,11.0
TEST_00994,7.0
TEST_00995,10.0
TEST_00996,10.0
TEST_00997,11.0
TEST_00998,10.0
TEST_00999,10.0
TEST_01000,11.0
TEST_01001,10.0
TEST_01002,10.0
TEST_01003,10.0
TEST_01004,11.0
TEST_01005,10.0
TEST_01006,11.0
TEST_01007,12.0
TEST_01008,10.0
TEST_01009,6.0
TEST_01010,11.0
TEST_01011,9.0
TEST_01012,10.0
TEST_01013,7.0
TEST_01014,11.0
TEST_01015,11.0
TEST_01016,10.0
TEST_01017,19.0
TEST_01018,9.0
TEST_01019,9.0
TEST_01020,11.0
TEST_01021,10.0
TEST_01022,11.0
TEST_01023,10.0
TEST_01024,10.0
TEST_01025,13.0
TEST_01026,2.0
TEST_01027,13.0
TEST_01028,10.0
TEST_01029,11.0
TEST_01030,10.0
TEST_01031,11.0
TEST_01032,10.0
TEST_01033,10.0
TEST_01034,11.0
TEST_01035,10.0
TEST_01036,10.0
TEST_01037,11.0
TEST_01038,20.0
TEST_01039,10.0
TEST_01040,11.0
TEST_01041,10.0
TEST_01042,7.0
TEST_01043,10.0
TEST_01044,11.0
TEST_01045,2.0
TEST_01046,10.0
TEST_01047,8.0
TEST_01048,11.0
TEST_01049,11.0
TEST_01050,10.0
TEST_01051,11.0
TEST_01052,11.0
TEST_01053,10.0
TEST_01054,8.0
TEST_01055,11.0
TEST_01056,18.0
TEST_01057,19.0
TEST_01058,11.0
TEST_01059,11.0
TEST_01060,11.0
TEST_01061,4.0
TEST_01062,10.0
TEST_01063,10.0
TEST_01064,13.0
TEST_01065,10.0
TEST_01066,10.0
TEST_01067,10.0
TEST_01068,2.0
TEST_01069,11.0
TEST_01070,11.0
TEST_01071,10.0
TEST_01072,14.0
TEST_01073,8.0
TEST_01074,10.0
TEST_01075,10.0
TEST_01076,9.0
TEST_01077,10.0
TEST_01078,10.0
TEST_01079,2.0
TEST_01080,10.0
TEST_01081,6.0
TEST_01082,10.0
TEST_01083,9.0
TEST_01084,7.0
TEST_01085,10.0
TEST_01086,10.0
TEST_01087,10.0
TEST_01088,11.0
TEST_01089,10.0
TEST_01090,10.0
TEST_01091,3.0
TEST_01092,2.0
TEST_01093,8.0
TEST_01094,18.0
TEST_01095,2.0
TEST_01096,9.0
TEST_01097,2.0
TEST_01098,10.0
TEST_01099,12.0
TEST_01100,18.0
TEST_01101,2.0
TEST_01102,10.0
TEST_01103,10.0
TEST_01104,11.0
TEST_01105,2.0
TEST_01106,10.0
TEST_01107,10.0
TEST_01108,14.0
TEST_01109,10.0
TEST_01110,10.0
TEST_01111,10.0
TEST_01112,3.0
TEST_01113,11.0
TEST_01114,11.0
TEST_01115,11.0
TEST_01116,10.0
TEST_01117,11.0
TEST_01118,15.0
TEST_01119,10.0
TEST_01120,13.0
TEST_01121,11.0
TEST_01122,10.0
TEST_01123,11.0
TEST_01124,7.0
TEST_01125,11.0
TEST_01126,11.0
TEST_01127,2.0
TEST_01128,10.0
TEST_01129,14.0
TEST_01130,10.0
TEST_01131,7.0
TEST_01132,12.0
TEST_01133,3.0
TEST_01134,11.0
TEST_01135,11.0
TEST_01136,11.0
TEST_01137,1.0
TEST_01138,3.0
TEST_01139,10.0
TEST_01140,11.0
TEST_01141,11.0
TEST_01142,11.0
TEST_01143,11.0
TEST_01144,10.0
TEST_01145,3.0
TEST_01146,13.0
TEST_01147,11.0
TEST_01148,10.0
TEST_01149,10.0
TEST_01150,10.0
TEST_01151,5.0
TEST_01152,8.0
TEST_01153,13.0
TEST_01154,11.0
TEST_01155,10.0
TEST_01156,11.0
TEST_01157,12.0
TEST_01158,11.0
TEST_01159,10.0
TEST_01160,10.0
TEST_01161,10.0
TEST_01162,4.0
TEST_01163,4.0
TEST_01164,10.0
TEST_01165,12.0
TEST_01166,12.0
TEST_01167,11.0
TEST_01168,10.0
TEST_01169,12.0
TEST_01170,17.0
TEST_01171,11.0
TEST_01172,3.0
TEST_01173,11.0
TEST_01174,10.0
TEST_01175,10.0
TEST_01176,11.0
TEST_01177,10.0
TEST_01178,19.0
TEST_01179,10.0
TEST_01180,11.0
TEST_01181,11.0
TEST_01182,10.0
TEST_01183,10.0
TEST_01184,11.0
TEST_01185,14.0
TEST_01186,11.0
TEST_01187,11.0
TEST_01188,9.0
TEST_01189,10.0
TEST_01190,9.0
TEST_01191,10.0
TEST_01192,10.0
TEST_01193,10.0
TEST_01194,2.0
TEST_01195,14.0
TEST_01196,6.0
TEST_01197,11.0
TEST_01198,11.0
TEST_01199,17.0
TEST_01200,10.0
TEST_01201,10.0
TEST_01202,15.0
TEST_01203,13.0
TEST_01204,11.0
TEST_01205,11.0
TEST_01206,9.0
TEST_01207,2.0
TEST_01208,11.0
TEST_01209,8.0
TEST_01210,13.0
TEST_01211,17.0
TEST_01212,9.0
TEST_01213,10.0
TEST_01214,1.0
TEST_01215,20.0
TEST_01216,10.0
TEST_01217,10.0
TEST_01218,9.0
TEST_01219,11.0
TEST_01220,3.0
TEST_01221,8.0
TEST_01222,12.0
TEST_01223,10.0
TEST_01224,11.0
TEST_01225,11.0
TEST_01226,11.0
TEST_01227,10.0
TEST_01228,10.0
TEST_01229,5.0
TEST_01230,20.0
TEST_01231,9.0
TEST_01232,9.0
TEST_01233,9.0
TEST_01234,10.0
TEST_01235,10.0
TEST_01236,10.0
TEST_01237,8.0
TEST_01238,11.0
TEST_01239,12.0
TEST_01240,10.0
TEST_01241,10.0
TEST_01242,11.0
TEST_01243,10.0
TEST_01244,10.0
TEST_01245,10.0
TEST_01246,3.0
TEST_01247,11.0
TEST_01248,11.0
TEST_01249,11.0
TEST_01250,12.0
TEST_01251,11.0
TEST_01252,14.0
TEST_01253,10.0
TEST_01254,10.0
TEST_01255,10.0
TEST_01256,13.0
TEST_01257,12.0
TEST_01258,11.0
TEST_01259,11.0
TEST_01260,12.0
TEST_01261,11.0
TEST_01262,11.0
TEST_01263,21.0
TEST_01264,6.0
TEST_01265,11.0
TEST_01266,20.0
TEST_01267,10.0
TEST_01268,2.0
TEST_01269,10.0
TEST_01270,17.0
TEST_01271,11.0
TEST_01272,11.0
TEST_01273,13.0
TEST_01274,12.0
TEST_01275,10.0
TEST_01276,3.0
TEST_01277,11.0
TEST_01278,9.0
TEST_01279,10.0
TEST_01280,11.0
TEST_01281,3.0
TEST_01282,10.0
TEST_01283,11.0
TEST_01284,15.0
TEST_01285,10.0
TEST_01286,10.0
TEST_01287,15.0
TEST_01288,10.0
TEST_01289,11.0
TEST_01290,10.0
TEST_01291,14.0
TEST_01292,11.0
TEST_01293,7.0
TEST_01294,11.0
TEST_01295,11.0
TEST_01296,9.0
TEST_01297,1.0
TEST_01298,11.0
TEST_01299,10.0
TEST_01300,7.0
TEST_01301,10.0
TEST_01302,10.0
TEST_01303,10.0
TEST_01304,10.0
TEST_01305,11.0
TEST_01306,11.0
TEST_01307,11.0
TEST_01308,10.0
TEST_01309,11.0
TEST_01310,3.0
TEST_01311,10.0
TEST_01312,11.0
TEST_01313,10.0
TEST_01314,11.0
TEST_01315,1.0
TEST_01316,9.0
TEST_01317,18.0
TEST_01318,11.0
TEST_01319,11.0
TEST_01320,16.0
TEST_01321,10.0
TEST_01322,15.0
TEST_01323,13.0
TEST_01324,10.0
TEST_01325,11.0
TEST_01326,6.0
TEST_01327,12.0
TEST_01328,11.0
TEST_01329,11.0
TEST_01330,5.0
TEST_01331,7.0
TEST_01332,7.0
TEST_01333,12.0
TEST_01334,11.0
TEST_01335,10.0
TEST_01336,8.0
TEST_01337,1.0
TEST_01338,12.0
TEST_01339,11.0
TEST_01340,3.0
TEST_01341,10.0
TEST_01342,5.0
TEST_01343,2.0
TEST_01344,11.0
TEST_01345,10.0
TEST_01346,2.0
TEST_01347,11.0
TEST_01348,12.0
TEST_01349,10.0
TEST_01350,11.0
TEST_01351,10.0
TEST_01352,11.0
TEST_01353,10.0
TEST_01354,11.0
TEST_01355,11.0
TEST_01356,2.0
TEST_01357,10.0
TEST_01358,10.0
TEST_01359,10.0
TEST_01360,10.0
TEST_01361,10.0
TEST_01362,13.0
TEST_01363,11.0
TEST_01364,10.0
TEST_01365,10.0
TEST_01366,10.0
TEST_01367,11.0
TEST_01368,11.0
TEST_01369,11.0
TEST_01370,10.0
TEST_01371,11.0
TEST_01372,11.0
TEST_01373,10.0
TEST_01374,11.0
TEST_01375,11.0
TEST_01376,10.0
TEST_01377,5.0
TEST_01378,11.0
TEST_01379,12.0
TEST_01380,11.0
TEST_01381,9.0
TEST_01382,11.0
TEST_01383,10.0
TEST_01384,3.0
TEST_01385,10.0
TEST_01386,10.0
TEST_01387,10.0
TEST_01388,8.0
TEST_01389,9.0
TEST_01390,11.0
TEST_01391,10.0
TEST_01392,10.0
TEST_01393,2.0
TEST_01394,10.0
TEST_01395,10.0
TEST_01396,11.0
TEST_01397,10.0
TEST_01398,11.0
TEST_01399,10.0
TEST_01400,11.0
TEST_01401,11.0
TEST_01402,9.0
TEST_01403,11.0
TEST_01404,10.0
TEST_01405,8.0
TEST_01406,10.0
TEST_01407,11.0
TEST_01408,10.0
TEST_01409,11.0
TEST_01410,11.0
TEST_01411,9.0
TEST_01412,11.0
TEST_01413,10.0
TEST_01414,10.0
TEST_01415,11.0
TEST_01416,11.0
TEST_01417,11.0
TEST_01418,10.0
TEST_01419,11.0
TEST_01420,11.0
TEST_01421,21.0
TEST_01422,11.0
TEST_01423,10.0
TEST_01424,9.0
TEST_01425,5.0
TEST_01426,10.0
TEST_01427,3.0
TEST_01428,11.0
TEST_01429,9.0
TEST_01430,11.0
TEST_01431,4.0
TEST_01432,5.0
TEST_01433,10.0
TEST_01434,11.0
TEST_01435,10.0
TEST_01436,8.0
TEST_01437,11.0
TEST_01438,1.0
TEST_01439,11.0
TEST_01440,2.0
TEST_01441,14.0
TEST_01442,10.0
TEST_01443,10.0
TEST_01444,16.0
TEST_01445,10.0
TEST_01446,10.0
TEST_01447,8.0
TEST_01448,1.0
TEST_01449,11.0
TEST_01450,2.0
TEST_01451,19.0
TEST_01452,5.0
TEST_01453,1.0
TEST_01454,7.0
TEST_01455,10.0
TEST_01456,11.0
TEST_01457,11.0
TEST_01458,10.0
TEST_01459,9.0
TEST_01460,15.0
TEST_01461,11.0
TEST_01462,10.0
TEST_01463,11.0
TEST_01464,10.0
TEST_01465,11.0
TEST_01466,15.0
TEST_01467,10.0
TEST_01468,1.0
TEST_01469,9.0
TEST_01470,9.0
TEST_01471,2.0
TEST_01472,10.0
TEST_01473,14.0
TEST_01474,11.0
TEST_01475,4.0
TEST_01476,2.0
TEST_01477,10.0
TEST_01478,11.0
TEST_01479,21.0
TEST_01480,10.0
TEST_01481,2.0
TEST_01482,11.0
TEST_01483,11.0
TEST_01484,12.0
TEST_01485,1.0
TEST_01486,16.0
TEST_01487,2.0
TEST_01488,10.0
TEST_01489,10.0
TEST_01490,10.0
TEST_01491,10.0
TEST_01492,12.0
TEST_01493,20.0
TEST_01494,11.0
TEST_01495,9.0
TEST_01496,17.0
TEST_01497,3.0
TEST_01498,15.0
TEST_01499,11.0
TEST_01500,11.0
TEST_01501,11.0
TEST_01502,8.0
TEST_01503,10.0
TEST_01504,15.0
TEST_01505,10.0
TEST_01506,1.0
TEST_01507,9.0
TEST_01508,11.0
TEST_01509,11.0
TEST_01510,9.0
TEST_01511,10.0
TEST_01512,10.0
TEST_01513,10.0
TEST_01514,10.0
TEST_01515,7.0
TEST_01516,11.0
TEST_01517,10.0
TEST_01518,11.0
TEST_01519,10.0
TEST_01520,11.0
TEST_01521,10.0
TEST_01522,12.0
TEST_01523,11.0
TEST_01524,16.0
TEST_01525,14.0
TEST_01526,11.0
TEST_01527,10.0
TEST_01528,10.0
TEST_01529,10.0
TEST_01530,11.0
TEST_01531,11.0
TEST_01532,8.0
TEST_01533,10.0
TEST_01534,3.0
TEST_01535,2.0
TEST_01536,8.0
TEST_01537,13.0
TEST_01538,11.0
TEST_01539,11.0
TEST_01540,10.0
TEST_01541,7.0
TEST_01542,11.0
TEST_01543,10.0
TEST_01544,10.0
TEST_01545,10.0
TEST_01546,10.0
TEST_01547,2.0
TEST_01548,10.0
TEST_01549,10.0
TEST_01550,5.0
TEST_01551,10.0
TEST_01552,10.0
TEST_01553,10.0
TEST_01554,10.0
TEST_01555,10.0
TEST_01556,9.0
TEST_01557,5.0
TEST_01558,8.0
TEST_01559,10.0
TEST_01560,5.0
TEST_01561,10.0
TEST_01562,2.0
TEST_01563,10.0
TEST_01564,11.0
TEST_01565,10.0
TEST_01566,12.0
TEST_01567,10.0
TEST_01568,10.0
TEST_01569,10.0
TEST_01570,10.0
TEST_01571,10.0
TEST_01572,12.0
TEST_01573,10.0
TEST_01574,11.0
TEST_01575,9.0
TEST_01576,11.0
TEST_01577,18.0
TEST_01578,11.0
TEST_01579,11.0
TEST_01580,5.0
TEST_01581,10.0
TEST_01582,5.0
TEST_01583,10.0
TEST_01584,10.0
TEST_01585,12.0
TEST_01586,10.0
TEST_01587,8.0
TEST_01588,12.0
TEST_01589,11.0
TEST_01590,7.0
TEST_01591,11.0
TEST_01592,11.0
TEST_01593,8.0
TEST_01594,10.0
TEST_01595,10.0
TEST_01596,3.0
TEST_01597,10.0
TEST_01598,8.0
TEST_01599,10.0
TEST_01600,10.0
TEST_01601,11.0
TEST_01602,3.0
TEST_01603,13.0
TEST_01604,11.0
TEST_01605,10.0
TEST_01606,10.0
TEST_01607,10.0
TEST_01608,11.0
TEST_01609,8.0
TEST_01610,10.0
TEST_01611,14.0
TEST_01612,10.0
TEST_01613,10.0
TEST_01614,13.0
TEST_01615,12.0
TEST_01616,11.0
TEST_01617,9.0
TEST_01618,13.0
TEST_01619,9.0
TEST_01620,3.0
TEST_01621,11.0
TEST_01622,17.0
TEST_01623,8.0
TEST_01624,5.0
TEST_01625,10.0
TEST_01626,11.0
TEST_01627,11.0
TEST_01628,11.0
TEST_01629,3.0
TEST_01630,11.0
TEST_01631,10.0
TEST_01632,18.0
TEST_01633,11.0
TEST_01634,19.0
TEST_01635,11.0
TEST_01636,14.0
TEST_01637,8.0
TEST_01638,10.0
TEST_01639,10.0
TEST_01640,10.0
TEST_01641,10.0
TEST_01642,4.0
TEST_01643,16.0
TEST_01644,7.0
TEST_01645,20.0
TEST_01646,12.0
TEST_01647,7.0
TEST_01648,7.0
TEST_01649,10.0
TEST_01650,9.0
TEST_01651,10.0
TEST_01652,10.0
TEST_01653,11.0
TEST_01654,10.0
TEST_01655,10.0
TEST_01656,11.0
TEST_01657,11.0
TEST_01658,10.0
TEST_01659,14.0
TEST_01660,11.0
TEST_01661,12.0
TEST_01662,10.0
TEST_01663,15.0
TEST_01664,10.0
TEST_01665,2.0
TEST_01666,10.0
TEST_01667,10.0
TEST_01668,12.0
TEST_01669,2.0
TEST_01670,16.0
TEST_01671,11.0
TEST_01672,10.0
TEST_01673,9.0
TEST_01674,20.0
TEST_01675,3.0
TEST_01676,20.0
TEST_01677,6.0
TEST_01678,12.0
TEST_01679,10.0
TEST_01680,10.0
TEST_01681,3.0
TEST_01682,10.0
TEST_01683,11.0
TEST_01684,14.0
TEST_01685,8.0
TEST_01686,10.0
TEST_01687,2.0
TEST_01688,10.0
TEST_01689,10.0
TEST_01690,11.0
TEST_01691,14.0
TEST_01692,10.0
TEST_01693,8.0
TEST_01694,16.0
TEST_01695,10.0
TEST_01696,11.0
TEST_01697,10.0
TEST_01698,10.0
TEST_01699,11.0
TEST_01700,11.0
TEST_01701,11.0
TEST_01702,11.0
TEST_01703,3.0
TEST_01704,11.0
TEST_01705,4.0
TEST_01706,10.0
TEST_01707,8.0
TEST_01708,6.0
TEST_01709,2.0
TEST_01710,11.0
TEST_01711,11.0
TEST_01712,15.0
TEST_01713,8.0
TEST_01714,10.0
TEST_01715,10.0
TEST_01716,11.0
TEST_01717,10.0
TEST_01718,11.0
TEST_01719,10.0
TEST_01720,12.0
TEST_01721,12.0
TEST_01722,12.0
TEST_01723,10.0
TEST_01724,10.0
TEST_01725,11.0
TEST_01726,12.0
TEST_01727,11.0
TEST_01728,11.0
TEST_01729,10.0
TEST_01730,11.0
TEST_01731,14.0
TEST_01732,8.0
TEST_01733,10.0
TEST_01734,2.0
TEST_01735,11.0
TEST_01736,11.0
TEST_01737,11.0
TEST_01738,10.0
TEST_01739,10.0
TEST_01740,11.0
TEST_01741,10.0
TEST_01742,10.0
TEST_01743,6.0
TEST_01744,4.0
TEST_01745,11.0
TEST_01746,3.0
TEST_01747,10.0
TEST_01748,10.0
TEST_01749,11.0
TEST_01750,10.0
TEST_01751,11.0
TEST_01752,10.0
TEST_01753,10.0
TEST_01754,18.0
TEST_01755,11.0
TEST_01756,12.0
TEST_01757,9.0
TEST_01758,10.0
TEST_01759,5.0
TEST_01760,11.0
TEST_01761,1.0
TEST_01762,11.0
TEST_01763,10.0
TEST_01764,11.0
TEST_01765,11.0
TEST_01766,19.0
TEST_01767,11.0
TEST_01768,11.0
TEST_01769,10.0
TEST_01770,8.0
TEST_01771,3.0
TEST_01772,9.0
TEST_01773,13.0
TEST_01774,3.0
TEST_01775,10.0
TEST_01776,10.0
TEST_01777,19.0
TEST_01778,9.0
TEST_01779,3.0
TEST_01780,10.0
TEST_01781,10.0
TEST_01782,10.0
TEST_01783,11.0
TEST_01784,10.0
TEST_01785,18.0
TEST_01786,10.0
TEST_01787,11.0
TEST_01788,10.0
TEST_01789,11.0
TEST_01790,10.0
TEST_01791,11.0
TEST_01792,10.0
TEST_01793,5.0
TEST_01794,10.0
TEST_01795,10.0
TEST_01796,11.0
TEST_01797,10.0
TEST_01798,10.0
TEST_01799,11.0
TEST_01800,17.0
TEST_01801,10.0
TEST_01802,10.0
TEST_01803,20.0
TEST_01804,10.0
TEST_01805,11.0
TEST_01806,11.0
TEST_01807,15.0
TEST_01808,10.0
TEST_01809,15.0
TEST_01810,2.0
TEST_01811,8.0
TEST_01812,11.0
TEST_01813,11.0
TEST_01814,9.0
TEST_01815,11.0
TEST_01816,11.0
TEST_01817,10.0
TEST_01818,10.0
TEST_01819,10.0
TEST_01820,10.0
TEST_01821,11.0
TEST_01822,11.0
TEST_01823,10.0
TEST_01824,10.0
TEST_01825,14.0
TEST_01826,11.0
TEST_01827,10.0
TEST_01828,3.0
TEST_01829,13.0
TEST_01830,11.0
TEST_01831,11.0
TEST_01832,10.0
TEST_01833,7.0
TEST_01834,10.0
TEST_01835,10.0
TEST_01836,1.0
TEST_01837,10.0
TEST_01838,10.0
TEST_01839,11.0
TEST_01840,9.0
TEST_01841,10.0
TEST_01842,10.0
TEST_01843,3.0
TEST_01844,9.0
TEST_01845,9.0
TEST_01846,12.0
TEST_01847,10.0
TEST_01848,11.0
TEST_01849,15.0
TEST_01850,20.0
TEST_01851,11.0
TEST_01852,10.0
TEST_01853,11.0
TEST_01854,15.0
TEST_01855,2.0
TEST_01856,19.0
TEST_01857,9.0
TEST_01858,10.0
TEST_01859,9.0
TEST_01860,10.0
TEST_01861,2.0
TEST_01862,11.0
TEST_01863,11.0
TEST_01864,11.0
TEST_01865,11.0
TEST_01866,8.0
TEST_01867,11.0
TEST_01868,10.0
TEST_01869,15.0
TEST_01870,11.0
TEST_01871,11.0
TEST_01872,17.0
TEST_01873,11.0
TEST_01874,10.0
TEST_01875,10.0
TEST_01876,17.0
TEST_01877,11.0
TEST_01878,11.0
TEST_01879,9.0
TEST_01880,10.0
TEST_01881,15.0
TEST_01882,8.0
TEST_01883,10.0
TEST_01884,9.0
TEST_01885,9.0
TEST_01886,11.0
TEST_01887,11.0
TEST_01888,10.0
TEST_01889,11.0
TEST_01890,7.0
TEST_01891,11.0
TEST_01892,10.0
TEST_01893,1.0
TEST_01894,8.0
TEST_01895,11.0
TEST_01896,11.0
TEST_01897,10.0
TEST_01898,11.0
TEST_01899,12.0
TEST_01900,5.0
TEST_01901,10.0
TEST_01902,8.0
TEST_01903,11.0
TEST_01904,10.0
TEST_01905,11.0
TEST_01906,11.0
TEST_01907,11.0
TEST_01908,8.0
TEST_01909,11.0
TEST_01910,3.0
TEST_01911,2.0
TEST_01912,12.0
TEST_01913,10.0
TEST_01914,13.0
TEST_01915,10.0
TEST_01916,9.0
TEST_01917,2.0
TEST_01918,10.0
TEST_01919,12.0
TEST_01920,10.0
TEST_01921,14.0
TEST_01922,10.0
TEST_01923,10.0
TEST_01924,10.0
TEST_01925,10.0
TEST_01926,13.0
TEST_01927,9.0
TEST_01928,11.0
TEST_01929,11.0
TEST_01930,11.0
TEST_01931,10.0
TEST_01932,11.0
TEST_01933,10.0
TEST_01934,10.0
TEST_01935,10.0
TEST_01936,10.0
TEST_01937,5.0
TEST_01938,11.0
TEST_01939,11.0
TEST_01940,10.0
TEST_01941,10.0
TEST_01942,10.0
TEST_01943,10.0
TEST_01944,10.0
TEST_01945,3.0
TEST_01946,6.0
TEST_01947,11.0
TEST_01948,10.0
TEST_01949,8.0
TEST_01950,3.0
TEST_01951,12.0
TEST_01952,11.0
TEST_01953,11.0
TEST_01954,11.0
TEST_01955,2.0
TEST_01956,20.0
TEST_01957,11.0
TEST_01958,6.0
TEST_01959,10.0
TEST_01960,10.0
TEST_01961,10.0
TEST_01962,13.0
TEST_01963,8.0
TEST_01964,10.0
TEST_01965,10.0
TEST_01966,18.0
TEST_01967,10.0
TEST_01968,10.0
TEST_01969,11.0
TEST_01970,10.0
TEST_01971,10.0
TEST_01972,10.0
TEST_01973,9.0
TEST_01974,11.0
TEST_01975,10.0
TEST_01976,11.0
TEST_01977,6.0
TEST_01978,1.0
TEST_01979,12.0
TEST_01980,10.0
TEST_01981,10.0
TEST_01982,10.0
TEST_01983,11.0
TEST_01984,9.0
TEST_01985,11.0
TEST_01986,10.0
TEST_01987,10.0
TEST_01988,10.0
TEST_01989,10.0
TEST_01990,10.0
TEST_01991,11.0
TEST_01992,9.0
TEST_01993,11.0
TEST_01994,10.0
TEST_01995,11.0
TEST_01996,10.0
TEST_01997,11.0
TEST_01998,10.0
TEST_01999,10.0
TEST_02000,13.0
TEST_02001,10.0
TEST_02002,10.0
TEST_02003,10.0
TEST_02004,11.0
TEST_02005,11.0
TEST_02006,10.0
TEST_02007,8.0
TEST_02008,10.0
TEST_02009,10.0
TEST_02010,10.0
TEST_02011,11.0
TEST_02012,11.0
TEST_02013,8.0
TEST_02014,2.0
TEST_02015,11.0
TEST_02016,11.0
TEST_02017,14.0
TEST_02018,8.0
TEST_02019,10.0
TEST_02020,18.0
TEST_02021,10.0
TEST_02022,10.0
TEST_02023,10.0
TEST_02024,11.0
TEST_02025,10.0
TEST_02026,2.0
TEST_02027,7.0
TEST_02028,10.0
TEST_02029,12.0
TEST_02030,8.0
TEST_02031,10.0
TEST_02032,10.0
TEST_02033,10.0
TEST_02034,2.0
TEST_02035,9.0
TEST_02036,2.0
TEST_02037,10.0
TEST_02038,1.0
TEST_02039,10.0
TEST_02040,10.0
TEST_02041,5.0
TEST_02042,6.0
TEST_02043,14.0
TEST_02044,11.0
TEST_02045,11.0
TEST_02046,10.0
TEST_02047,10.0
TEST_02048,12.0
TEST_02049,10.0
TEST_02050,9.0
TEST_02051,11.0
TEST_02052,10.0
TEST_02053,11.0
TEST_02054,10.0
TEST_02055,10.0
TEST_02056,10.0
TEST_02057,9.0
TEST_02058,11.0
TEST_02059,10.0
TEST_02060,10.0
TEST_02061,10.0
TEST_02062,10.0
TEST_02063,3.0
TEST_02064,10.0
TEST_02065,10.0
TEST_02066,9.0
TEST_02067,10.0
TEST_02068,5.0
TEST_02069,9.0
TEST_02070,10.0
TEST_02071,6.0
TEST_02072,2.0
TEST_02073,2.0
TEST_02074,11.0
TEST_02075,11.0
TEST_02076,17.0
TEST_02077,10.0
TEST_02078,10.0
TEST_02079,10.0
TEST_02080,3.0
TEST_02081,11.0
TEST_02082,11.0
TEST_02083,12.0
TEST_02084,10.0
TEST_02085,8.0
TEST_02086,2.0
TEST_02087,10.0
TEST_02088,11.0
TEST_02089,4.0
TEST_02090,8.0
TEST_02091,11.0
TEST_02092,11.0
TEST_02093,16.0
TEST_02094,3.0
TEST_02095,15.0
TEST_02096,10.0
TEST_02097,10.0
TEST_02098,11.0
TEST_02099,11.0
TEST_02100,15.0
TEST_02101,11.0
TEST_02102,11.0
TEST_02103,2.0
TEST_02104,12.0
TEST_02105,18.0
TEST_02106,9.0
TEST_02107,11.0
TEST_02108,9.0
TEST_02109,11.0
TEST_02110,10.0
TEST_02111,10.0
TEST_02112,13.0
TEST_02113,10.0
TEST_02114,10.0
TEST_02115,10.0
TEST_02116,11.0
TEST_02117,11.0
TEST_02118,11.0
TEST_02119,10.0
TEST_02120,10.0
TEST_02121,17.0
TEST_02122,14.0
TEST_02123,6.0
TEST_02124,11.0
TEST_02125,10.0
TEST_02126,14.0
TEST_02127,11.0
TEST_02128,10.0
TEST_02129,7.0
TEST_02130,11.0
TEST_02131,10.0
TEST_02132,10.0
TEST_02133,10.0
TEST_02134,11.0
TEST_02135,12.0
TEST_02136,10.0
TEST_02137,10.0
TEST_02138,10.0
TEST_02139,11.0
TEST_02140,3.0
TEST_02141,11.0
TEST_02142,11.0
TEST_02143,10.0
TEST_02144,3.0
TEST_02145,2.0
TEST_02146,7.0
TEST_02147,11.0
TEST_02148,12.0
TEST_02149,14.0
TEST_02150,11.0
TEST_02151,11.0
TEST_02152,13.0
TEST_02153,10.0
TEST_02154,12.0
TEST_02155,10.0
TEST_02156,10.0
TEST_02157,13.0
TEST_02158,10.0
TEST_02159,11.0
TEST_02160,11.0
TEST_02161,11.0
TEST_02162,9.0
TEST_02163,10.0
TEST_02164,12.0
TEST_02165,10.0
TEST_02166,9.0
TEST_02167,10.0
TEST_02168,11.0
TEST_02169,11.0
TEST_02170,20.0
TEST_02171,11.0
TEST_02172,10.0
TEST_02173,14.0
TEST_02174,5.0
TEST_02175,12.0
TEST_02176,10.0
TEST_02177,11.0
TEST_02178,11.0
TEST_02179,10.0
TEST_02180,10.0
TEST_02181,10.0
TEST_02182,11.0
TEST_02183,10.0
TEST_02184,10.0
TEST_02185,12.0
TEST_02186,3.0
TEST_02187,11.0
TEST_02188,10.0
TEST_02189,10.0
TEST_02190,14.0
TEST_02191,10.0
TEST_02192,9.0
TEST_02193,10.0
TEST_02194,11.0
TEST_02195,11.0
TEST_02196,10.0
TEST_02197,2.0
TEST_02198,11.0
TEST_02199,10.0
TEST_02200,11.0
TEST_02201,8.0
TEST_02202,10.0
TEST_02203,15.0
TEST_02204,11.0
TEST_02205,11.0
TEST_02206,10.0
TEST_02207,10.0
TEST_02208,10.0
TEST_02209,10.0
TEST_02210,11.0
TEST_02211,10.0
TEST_02212,11.0
TEST_02213,10.0
TEST_02214,10.0
TEST_02215,11.0
TEST_02216,10.0
TEST_02217,11.0
TEST_02218,9.0
TEST_02219,10.0
TEST_02220,11.0
TEST_02221,10.0
TEST_02222,10.0
TEST_02223,13.0
TEST_02224,8.0
TEST_02225,10.0
TEST_02226,11.0
TEST_02227,9.0
TEST_02228,3.0
TEST_02229,10.0
TEST_02230,11.0
TEST_02231,9.0
TEST_02232,11.0
TEST_02233,10.0
TEST_02234,11.0
TEST_02235,10.0
TEST_02236,7.0
TEST_02237,11.0
TEST_02238,11.0
TEST_02239,11.0
TEST_02240,11.0
TEST_02241,11.0
TEST_02242,3.0
TEST_02243,3.0
TEST_02244,10.0
TEST_02245,10.0
TEST_02246,14.0
TEST_02247,7.0
TEST_02248,10.0
TEST_02249,3.0
TEST_02250,10.0
TEST_02251,14.0
TEST_02252,10.0
TEST_02253,10.0
TEST_02254,10.0
TEST_02255,10.0
TEST_02256,15.0
TEST_02257,11.0
TEST_02258,9.0
TEST_02259,10.0
TEST_02260,19.0
TEST_02261,10.0
TEST_02262,10.0
TEST_02263,9.0
TEST_02264,13.0
TEST_02265,8.0
TEST_02266,10.0
TEST_02267,11.0
TEST_02268,10.0
TEST_02269,10.0
TEST_02270,15.0
TEST_02271,10.0
TEST_02272,3.0
TEST_02273,10.0
TEST_02274,11.0
TEST_02275,11.0
TEST_02276,11.0
TEST_02277,1.0
TEST_02278,15.0
TEST_02279,5.0
TEST_02280,10.0
TEST_02281,16.0
TEST_02282,10.0
TEST_02283,10.0
TEST_02284,11.0
TEST_02285,2.0
TEST_02286,10.0
TEST_02287,10.0
TEST_02288,11.0
TEST_02289,11.0
TEST_02290,11.0
TEST_02291,10.0
TEST_02292,10.0
TEST_02293,10.0
TEST_02294,10.0
TEST_02295,10.0
TEST_02296,11.0
TEST_02297,10.0
TEST_02298,4.0
TEST_02299,10.0
TEST_02300,10.0
TEST_02301,19.0
TEST_02302,11.0
TEST_02303,10.0
TEST_02304,10.0
TEST_02305,10.0
TEST_02306,5.0
TEST_02307,10.0
TEST_02308,10.0
TEST_02309,11.0
TEST_02310,9.0
TEST_02311,11.0
TEST_02312,10.0
TEST_02313,1.0
TEST_02314,10.0
TEST_02315,11.0
TEST_02316,11.0
TEST_02317,10.0
TEST_02318,17.0
TEST_02319,10.0
TEST_02320,14.0
TEST_02321,9.0
TEST_02322,10.0
TEST_02323,10.0
TEST_02324,10.0
TEST_02325,10.0
TEST_02326,11.0
TEST_02327,10.0
TEST_02328,10.0
TEST_02329,10.0
TEST_02330,11.0
TEST_02331,8.0
TEST_02332,2.0
TEST_02333,11.0
TEST_02334,10.0
TEST_02335,10.0
TEST_02336,13.0
TEST_02337,11.0
TEST_02338,11.0
TEST_02339,10.0
TEST_02340,8.0
TEST_02341,10.0
TEST_02342,3.0
TEST_02343,14.0
TEST_02344,11.0
TEST_02345,10.0
TEST_02346,3.0
TEST_02347,10.0
TEST_02348,1.0
TEST_02349,10.0
TEST_02350,11.0
TEST_02351,10.0
TEST_02352,9.0
TEST_02353,6.0
TEST_02354,10.0
TEST_02355,11.0
TEST_02356,11.0
TEST_02357,10.0
TEST_02358,11.0
TEST_02359,2.0
TEST_02360,10.0
TEST_02361,10.0
TEST_02362,12.0
TEST_02363,10.0
TEST_02364,7.0
TEST_02365,9.0
TEST_02366,10.0
TEST_02367,11.0
TEST_02368,11.0
TEST_02369,10.0
TEST_02370,3.0
TEST_02371,10.0
TEST_02372,11.0
TEST_02373,10.0
TEST_02374,2.0
TEST_02375,10.0
TEST_02376,11.0
TEST_02377,10.0
TEST_02378,10.0
TEST_02379,9.0
TEST_02380,11.0
TEST_02381,12.0
TEST_02382,10.0
TEST_02383,11.0
TEST_02384,5.0
TEST_02385,11.0
TEST_02386,10.0
TEST_02387,11.0
TEST_02388,19.0
TEST_02389,10.0
TEST_02390,13.0
TEST_02391,11.0
TEST_02392,11.0
TEST_02393,11.0
TEST_02394,10.0
TEST_02395,10.0
TEST_02396,11.0
TEST_02397,10.0
TEST_02398,10.0
TEST_02399,10.0
TEST_02400,11.0
TEST_02401,11.0
TEST_02402,19.0
TEST_02403,11.0
TEST_02404,9.0
TEST_02405,11.0
TEST_02406,10.0
TEST_02407,15.0
TEST_02408,11.0
TEST_02409,11.0
TEST_02410,9.0
TEST_02411,10.0
TEST_02412,9.0
TEST_02413,8.0
TEST_02414,10.0
TEST_02415,10.0
TEST_02416,14.0
TEST_02417,11.0
TEST_02418,9.0
TEST_02419,11.0
TEST_02420,11.0
TEST_02421,11.0
TEST_02422,11.0
TEST_02423,10.0
TEST_02424,10.0
TEST_02425,9.0
TEST_02426,3.0
TEST_02427,2.0
TEST_02428,11.0
TEST_02429,11.0
TEST_02430,11.0
TEST_02431,11.0
TEST_02432,10.0
TEST_02433,10.0
TEST_02434,10.0
TEST_02435,10.0
TEST_02436,10.0
TEST_02437,10.0
TEST_02438,14.0
TEST_02439,11.0
TEST_02440,11.0
TEST_02441,11.0
TEST_02442,11.0
TEST_02443,10.0
TEST_02444,9.0
TEST_02445,11.0
TEST_02446,10.0
TEST_02447,2.0
TEST_02448,10.0
TEST_02449,11.0
TEST_02450,11.0
TEST_02451,11.0
TEST_02452,2.0
TEST_02453,10.0
TEST_02454,10.0
TEST_02455,11.0
TEST_02456,8.0
TEST_02457,18.0
TEST_02458,11.0
TEST_02459,15.0
TEST_02460,10.0
TEST_02461,10.0
TEST_02462,11.0
TEST_02463,8.0
TEST_02464,11.0
TEST_02465,10.0
TEST_02466,11.0
TEST_02467,11.0
TEST_02468,9.0
TEST_02469,11.0
TEST_02470,11.0
TEST_02471,11.0
TEST_02472,10.0
TEST_02473,10.0
TEST_02474,11.0
TEST_02475,11.0
TEST_02476,10.0
TEST_02477,3.0
TEST_02478,11.0
TEST_02479,7.0
TEST_02480,10.0
TEST_02481,3.0
TEST_02482,11.0
TEST_02483,11.0
TEST_02484,10.0
TEST_02485,11.0
TEST_02486,10.0
TEST_02487,19.0
TEST_02488,10.0
TEST_02489,1.0
TEST_02490,10.0
TEST_02491,10.0
TEST_02492,12.0
TEST_02493,10.0
TEST_02494,11.0
TEST_02495,10.0
TEST_02496,11.0
TEST_02497,10.0
TEST_02498,10.0
TEST_02499,10.0
TEST_02500,11.0
TEST_02501,10.0
TEST_02502,10.0
TEST_02503,10.0
TEST_02504,2.0
TEST_02505,11.0
TEST_02506,11.0
TEST_02507,11.0
TEST_02508,10.0
TEST_02509,10.0
TEST_02510,1.0
TEST_02511,10.0
TEST_02512,11.0
TEST_02513,10.0
TEST_02514,11.0
TEST_02515,12.0
TEST_02516,4.0
TEST_02517,10.0
TEST_02518,11.0
TEST_02519,10.0
TEST_02520,10.0
TEST_02521,2.0
TEST_02522,10.0
TEST_02523,13.0
TEST_02524,16.0
TEST_02525,10.0
TEST_02526,10.0
TEST_02527,10.0
TEST_02528,10.0
TEST_02529,11.0
TEST_02530,8.0
TEST_02531,15.0
TEST_02532,10.0
TEST_02533,10.0
TEST_02534,11.0
TEST_02535,11.0
TEST_02536,12.0
TEST_02537,10.0
TEST_02538,13.0
TEST_02539,10.0
TEST_02540,11.0
TEST_02541,10.0
TEST_02542,10.0
TEST_02543,11.0
TEST_02544,10.0
TEST_02545,11.0
TEST_02546,10.0
TEST_02547,11.0
TEST_02548,13.0
TEST_02549,11.0
TEST_02550,2.0
TEST_02551,15.0
TEST_02552,15.0
TEST_02553,10.0
TEST_02554,10.0
TEST_02555,10.0
TEST_02556,1.0
TEST_02557,10.0
TEST_02558,11.0
TEST_02559,15.0
TEST_02560,10.0
TEST_02561,10.0
TEST_02562,10.0
TEST_02563,9.0
TEST_02564,11.0
TEST_02565,10.0
TEST_02566,1.0
TEST_02567,10.0
TEST_02568,9.0
TEST_02569,10.0
TEST_02570,7.0
TEST_02571,10.0
TEST_02572,2.0
TEST_02573,5.0
TEST_02574,14.0
TEST_02575,11.0
TEST_02576,10.0
TEST_02577,10.0
TEST_02578,5.0
TEST_02579,11.0
TEST_02580,9.0
TEST_02581,11.0
TEST_02582,11.0
TEST_02583,10.0
TEST_02584,10.0
TEST_02585,10.0
TEST_02586,11.0
TEST_02587,11.0
TEST_02588,6.0
TEST_02589,10.0
TEST_02590,1.0
TEST_02591,14.0
TEST_02592,10.0
TEST_02593,11.0
TEST_02594,11.0
TEST_02595,2.0
TEST_02596,18.0
TEST_02597,10.0
TEST_02598,14.0
TEST_02599,16.0
TEST_02600,16.0
TEST_02601,3.0
TEST_02602,11.0
TEST_02603,7.0
TEST_02604,7.0
TEST_02605,10.0
TEST_02606,10.0
TEST_02607,9.0
TEST_02608,10.0
TEST_02609,10.0
TEST_02610,10.0
TEST_02611,10.0
TEST_02612,9.0
TEST_02613,3.0
TEST_02614,10.0
TEST_02615,10.0
TEST_02616,10.0
TEST_02617,13.0
TEST_02618,10.0
TEST_02619,12.0
TEST_02620,11.0
TEST_02621,2.0
TEST_02622,9.0
TEST_02623,10.0
TEST_02624,8.0
TEST_02625,11.0
TEST_02626,16.0
TEST_02627,16.0
TEST_02628,10.0
TEST_02629,18.0
TEST_02630,10.0
TEST_02631,2.0
TEST_02632,11.0
TEST_02633,7.0
TEST_02634,6.0
TEST_02635,10.0
TEST_02636,9.0
TEST_02637,7.0
TEST_02638,10.0
TEST_02639,11.0
TEST_02640,2.0
TEST_02641,11.0
TEST_02642,10.0
TEST_02643,14.0
TEST_02644,11.0
TEST_02645,9.0
TEST_02646,9.0
TEST_02647,10.0
TEST_02648,8.0
TEST_02649,10.0
TEST_02650,15.0
TEST_02651,11.0
TEST_02652,11.0
TEST_02653,10.0
TEST_02654,6.0
TEST_02655,10.0
TEST_02656,6.0
TEST_02657,11.0
TEST_02658,10.0
TEST_02659,10.0
TEST_02660,11.0
TEST_02661,8.0
TEST_02662,10.0
TEST_02663,9.0
TEST_02664,2.0
TEST_02665,10.0
TEST_02666,10.0
TEST_02667,10.0
TEST_02668,11.0
TEST_02669,11.0
TEST_02670,8.0
TEST_02671,9.0
TEST_02672,11.0
TEST_02673,11.0
TEST_02674,10.0
TEST_02675,8.0
TEST_02676,11.0
TEST_02677,11.0
TEST_02678,8.0
TEST_02679,10.0
TEST_02680,12.0
TEST_02681,9.0
TEST_02682,2.0
TEST_02683,11.0
TEST_02684,10.0
TEST_02685,7.0
TEST_02686,8.0
TEST_02687,11.0
TEST_02688,11.0
TEST_02689,11.0
TEST_02690,11.0
TEST_02691,13.0
TEST_02692,11.0
TEST_02693,10.0
TEST_02694,1.0
TEST_02695,11.0
TEST_02696,10.0
TEST_02697,8.0
TEST_02698,14.0
TEST_02699,9.0
TEST_02700,11.0
TEST_02701,16.0
TEST_02702,10.0
TEST_02703,10.0
TEST_02704,10.0
TEST_02705,10.0
TEST_02706,7.0
TEST_02707,10.0
TEST_02708,11.0
TEST_02709,11.0
TEST_02710,5.0
TEST_02711,10.0
TEST_02712,11.0
TEST_02713,10.0
TEST_02714,3.0
TEST_02715,11.0
TEST_02716,11.0
TEST_02717,10.0
TEST_02718,11.0
TEST_02719,11.0
TEST_02720,12.0
TEST_02721,10.0
TEST_02722,11.0
TEST_02723,11.0
TEST_02724,11.0
TEST_02725,14.0
TEST_02726,8.0
TEST_02727,10.0
TEST_02728,11.0
TEST_02729,11.0
TEST_02730,11.0
TEST_02731,11.0
TEST_02732,9.0
TEST_02733,11.0
TEST_02734,9.0
TEST_02735,11.0
TEST_02736,11.0
TEST_02737,10.0
TEST_02738,3.0
TEST_02739,10.0
TEST_02740,11.0
TEST_02741,11.0
TEST_02742,11.0
TEST_02743,11.0
TEST_02744,11.0
TEST_02745,10.0
TEST_02746,10.0
TEST_02747,11.0
TEST_02748,11.0
TEST_02749,10.0
TEST_02750,10.0
TEST_02751,11.0
TEST_02752,14.0
TEST_02753,11.0
TEST_02754,11.0
TEST_02755,10.0
TEST_02756,10.0
TEST_02757,10.0
TEST_02758,10.0
TEST_02759,11.0
TEST_02760,11.0
TEST_02761,11.0
TEST_02762,10.0
TEST_02763,8.0
TEST_02764,11.0
TEST_02765,11.0
TEST_02766,9.0
TEST_02767,14.0
TEST_02768,10.0
TEST_02769,11.0
TEST_02770,11.0
TEST_02771,16.0
TEST_02772,4.0
TEST_02773,12.0
TEST_02774,9.0
TEST_02775,10.0
TEST_02776,10.0
TEST_02777,14.0
TEST_02778,11.0
TEST_02779,10.0
TEST_02780,11.0
TEST_02781,10.0
TEST_02782,10.0
TEST_02783,15.0
TEST_02784,13.0
TEST_02785,12.0
TEST_02786,10.0
TEST_02787,15.0
TEST_02788,1.0
TEST_02789,12.0
TEST_02790,10.0
TEST_02791,7.0
TEST_02792,17.0
TEST_02793,10.0
TEST_02794,11.0
TEST_02795,15.0
TEST_02796,9.0
TEST_02797,20.0
TEST_02798,14.0
TEST_02799,10.0
TEST_02800,16.0
TEST_02801,11.0
TEST_02802,10.0
TEST_02803,7.0
TEST_02804,11.0
TEST_02805,11.0
TEST_02806,11.0
TEST_02807,8.0
TEST_02808,9.0
TEST_02809,10.0
TEST_02810,10.0
TEST_02811,12.0
TEST_02812,10.0
TEST_02813,11.0
TEST_02814,9.0
TEST_02815,10.0
TEST_02816,10.0
TEST_02817,10.0
TEST_02818,16.0
TEST_02819,10.0
TEST_02820,13.0
TEST_02821,5.0
TEST_02822,12.0
TEST_02823,7.0
TEST_02824,7.0
TEST_02825,11.0
TEST_02826,12.0
TEST_02827,21.0
TEST_02828,11.0
TEST_02829,11.0
TEST_02830,10.0
TEST_02831,10.0
TEST_02832,11.0
TEST_02833,2.0
TEST_02834,11.0
TEST_02835,8.0
TEST_02836,3.0
TEST_02837,11.0
TEST_02838,10.0
TEST_02839,3.0
TEST_02840,11.0
TEST_02841,11.0
TEST_02842,20.0
TEST_02843,15.0
TEST_02844,8.0
TEST_02845,8.0
TEST_02846,10.0
TEST_02847,14.0
TEST_02848,4.0
TEST_02849,11.0
TEST_02850,11.0
TEST_02851,11.0
TEST_02852,10.0
TEST_02853,11.0
TEST_02854,13.0
TEST_02855,3.0
TEST_02856,7.0
TEST_02857,11.0
TEST_02858,10.0
TEST_02859,11.0
TEST_02860,3.0
TEST_02861,11.0
TEST_02862,10.0
TEST_02863,9.0
TEST_02864,10.0
TEST_02865,10.0
TEST_02866,11.0
TEST_02867,11.0
TEST_02868,10.0
TEST_02869,10.0
TEST_02870,8.0
TEST_02871,12.0
TEST_02872,10.0
TEST_02873,11.0
TEST_02874,11.0
TEST_02875,10.0
TEST_02876,11.0
TEST_02877,11.0
TEST_02878,10.0
TEST_02879,10.0
TEST_02880,10.0
TEST_02881,9.0
TEST_02882,10.0
TEST_02883,10.0
TEST_02884,10.0
TEST_02885,10.0
TEST_02886,13.0
TEST_02887,11.0
TEST_02888,6.0
TEST_02889,12.0
TEST_02890,10.0
TEST_02891,12.0
TEST_02892,11.0
TEST_02893,10.0
TEST_02894,8.0
TEST_02895,10.0
TEST_02896,14.0
TEST_02897,10.0
TEST_02898,10.0
TEST_02899,11.0
TEST_02900,10.0
TEST_02901,11.0
TEST_02902,3.0
TEST_02903,11.0
TEST_02904,10.0
TEST_02905,10.0
TEST_02906,11.0
TEST_02907,9.0
TEST_02908,16.0
TEST_02909,10.0
TEST_02910,10.0
TEST_02911,8.0
TEST_02912,10.0
TEST_02913,10.0
TEST_02914,11.0
TEST_02915,14.0
TEST_02916,12.0
TEST_02917,14.0
TEST_02918,11.0
TEST_02919,10.0
TEST_02920,10.0
TEST_02921,11.0
TEST_02922,11.0
TEST_02923,11.0
TEST_02924,11.0
TEST_02925,10.0
TEST_02926,5.0
TEST_02927,10.0
TEST_02928,10.0
TEST_02929,11.0
TEST_02930,13.0
TEST_02931,11.0
TEST_02932,11.0
TEST_02933,10.0
TEST_02934,10.0
TEST_02935,10.0
TEST_02936,7.0
TEST_02937,10.0
TEST_02938,10.0
TEST_02939,11.0
TEST_02940,11.0
TEST_02941,10.0
TEST_02942,10.0
TEST_02943,7.0
TEST_02944,15.0
TEST_02945,17.0
TEST_02946,11.0
TEST_02947,15.0
TEST_02948,13.0
TEST_02949,10.0
TEST_02950,10.0
TEST_02951,10.0
TEST_02952,10.0
TEST_02953,10.0
TEST_02954,10.0
TEST_02955,3.0
TEST_02956,1.0
TEST_02957,11.0
TEST_02958,10.0
TEST_02959,10.0
TEST_02960,11.0
TEST_02961,11.0
TEST_02962,11.0
TEST_02963,10.0
TEST_02964,10.0
TEST_02965,9.0
TEST_02966,8.0
TEST_02967,10.0
TEST_02968,16.0
TEST_02969,11.0
TEST_02970,10.0
TEST_02971,1.0
TEST_02972,10.0
TEST_02973,11.0
TEST_02974,18.0
TEST_02975,12.0
TEST_02976,11.0
TEST_02977,6.0
TEST_02978,10.0
TEST_02979,16.0
TEST_02980,2.0
TEST_02981,11.0
TEST_02982,13.0
TEST_02983,11.0
TEST_02984,11.0
TEST_02985,11.0
TEST_02986,17.0
TEST_02987,10.0
TEST_02988,11.0
TEST_02989,15.0
TEST_02990,11.0
TEST_02991,11.0
TEST_02992,11.0
TEST_02993,11.0
TEST_02994,10.0
TEST_02995,11.0
TEST_02996,7.0
TEST_02997,10.0
TEST_02998,10.0
TEST_02999,11.0
TEST_03000,11.0
TEST_03001,11.0
TEST_03002,10.0
TEST_03003,11.0
TEST_03004,12.0
TEST_03005,10.0
TEST_03006,11.0
TEST_03007,11.0
TEST_03008,13.0
TEST_03009,12.0
TEST_03010,7.0
TEST_03011,1.0
TEST_03012,7.0
TEST_03013,16.0
TEST_03014,17.0
TEST_03015,10.0
TEST_03016,11.0
TEST_03017,10.0
TEST_03018,21.0
TEST_03019,10.0
TEST_03020,11.0
TEST_03021,10.0
TEST_03022,16.0
TEST_03023,10.0
TEST_03024,11.0
TEST_03025,3.0
TEST_03026,1.0
TEST_03027,10.0
TEST_03028,11.0
TEST_03029,11.0
TEST_03030,13.0
TEST_03031,11.0
TEST_03032,10.0
TEST_03033,11.0
TEST_03034,10.0
TEST_03035,10.0
TEST_03036,16.0
TEST_03037,11.0
TEST_03038,4.0
TEST_03039,11.0
TEST_03040,11.0
TEST_03041,10.0
TEST_03042,11.0
TEST_03043,10.0
TEST_03044,10.0
TEST_03045,7.0
TEST_03046,11.0
TEST_03047,10.0
TEST_03048,10.0
TEST_03049,10.0
TEST_03050,17.0
TEST_03051,10.0
TEST_03052,11.0
TEST_03053,15.0
TEST_03054,11.0
TEST_03055,10.0
TEST_03056,10.0
TEST_03057,10.0
TEST_03058,10.0
TEST_03059,11.0
TEST_03060,10.0
TEST_03061,11.0
TEST_03062,11.0
TEST_03063,2.0
TEST_03064,15.0
TEST_03065,10.0
TEST_03066,6.0
TEST_03067,10.0
TEST_03068,8.0
TEST_03069,11.0
TEST_03070,10.0
TEST_03071,15.0
TEST_03072,11.0
TEST_03073,12.0
TEST_03074,11.0
TEST_03075,10.0
TEST_03076,10.0
TEST_03077,11.0
TEST_03078,9.0
TEST_03079,10.0
TEST_03080,10.0
TEST_03081,10.0
TEST_03082,10.0
TEST_03083,11.0
TEST_03084,2.0
TEST_03085,10.0
TEST_03086,5.0
TEST_03087,5.0
TEST_03088,9.0
TEST_03089,8.0
TEST_03090,10.0
TEST_03091,8.0
TEST_03092,10.0
TEST_03093,10.0
TEST_03094,11.0
TEST_03095,10.0
TEST_03096,10.0
TEST_03097,13.0
TEST_03098,6.0
TEST_03099,11.0
TEST_03100,11.0
TEST_03101,10.0
TEST_03102,10.0
TEST_03103,11.0
TEST_03104,11.0
TEST_03105,10.0
TEST_03106,10.0
TEST_03107,11.0
TEST_03108,9.0
TEST_03109,17.0
TEST_03110,12.0
TEST_03111,11.0
TEST_03112,10.0
TEST_03113,18.0
TEST_03114,9.0
TEST_03115,10.0
TEST_03116,11.0
TEST_03117,12.0
TEST_03118,10.0
TEST_03119,11.0
TEST_03120,9.0
TEST_03121,14.0
TEST_03122,11.0
TEST_03123,10.0
TEST_03124,10.0
TEST_03125,5.0
TEST_03126,3.0
TEST_03127,11.0
TEST_03128,3.0
TEST_03129,9.0
TEST_03130,10.0
TEST_03131,2.0
TEST_03132,10.0
TEST_03133,10.0
TEST_03134,10.0
TEST_03135,9.0
TEST_03136,10.0
TEST_03137,10.0
TEST_03138,10.0
TEST_03139,11.0
TEST_03140,2.0
TEST_03141,10.0
TEST_03142,11.0
TEST_03143,5.0
TEST_03144,10.0
TEST_03145,10.0
TEST_03146,9.0
TEST_03147,18.0
TEST_03148,10.0
TEST_03149,6.0
TEST_03150,11.0
TEST_03151,10.0
TEST_03152,10.0
TEST_03153,13.0
TEST_03154,6.0
TEST_03155,11.0
TEST_03156,10.0
TEST_03157,11.0
TEST_03158,11.0
TEST_03159,11.0
TEST_03160,10.0
TEST_03161,8.0
TEST_03162,9.0
TEST_03163,10.0
TEST_03164,10.0
TEST_03165,16.0
TEST_03166,10.0
TEST_03167,6.0
TEST_03168,10.0
TEST_03169,11.0
TEST_03170,12.0
TEST_03171,10.0
TEST_03172,13.0
TEST_03173,13.0
TEST_03174,10.0
TEST_03175,11.0
TEST_03176,9.0
TEST_03177,18.0
TEST_03178,11.0
TEST_03179,11.0
TEST_03180,11.0
TEST_03181,12.0
TEST_03182,9.0
TEST_03183,11.0
TEST_03184,9.0
TEST_03185,11.0
TEST_03186,7.0
TEST_03187,16.0
TEST_03188,9.0
TEST_03189,12.0
TEST_03190,10.0
TEST_03191,10.0
TEST_03192,8.0
TEST_03193,11.0
TEST_03194,10.0
TEST_03195,9.0
TEST_03196,14.0
TEST_03197,10.0
TEST_03198,12.0
TEST_03199,11.0
TEST_03200,6.0
TEST_03201,11.0
TEST_03202,9.0
TEST_03203,10.0
TEST_03204,2.0
TEST_03205,11.0
TEST_03206,11.0
TEST_03207,11.0
TEST_03208,9.0
TEST_03209,14.0
TEST_03210,10.0
TEST_03211,10.0
TEST_03212,10.0
TEST_03213,3.0
TEST_03214,11.0
TEST_03215,13.0
TEST_03216,13.0
TEST_03217,11.0
TEST_03218,10.0
TEST_03219,12.0
TEST_03220,10.0
TEST_03221,16.0
TEST_03222,10.0
TEST_03223,10.0
TEST_03224,10.0
TEST_03225,11.0
TEST_03226,14.0
TEST_03227,19.0
TEST_03228,10.0
TEST_03229,10.0
TEST_03230,8.0
TEST_03231,10.0
TEST_03232,10.0
TEST_03233,10.0
TEST_03234,10.0
TEST_03235,10.0
TEST_03236,11.0
TEST_03237,11.0
TEST_03238,6.0
TEST_03239,12.0
TEST_03240,11.0
TEST_03241,11.0
TEST_03242,11.0
TEST_03243,10.0
TEST_03244,10.0
TEST_03245,8.0
TEST_03246,14.0
TEST_03247,10.0
TEST_03248,14.0
TEST_03249,11.0
TEST_03250,10.0
TEST_03251,21.0
TEST_03252,10.0
TEST_03253,11.0
TEST_03254,11.0
TEST_03255,10.0
TEST_03256,10.0
TEST_03257,10.0
TEST_03258,11.0
TEST_03259,10.0
TEST_03260,10.0
TEST_03261,11.0
TEST_03262,10.0
TEST_03263,2.0
TEST_03264,11.0
TEST_03265,11.0
TEST_03266,13.0
TEST_03267,2.0
TEST_03268,10.0
TEST_03269,11.0
TEST_03270,10.0
TEST_03271,12.0
TEST_03272,10.0
TEST_03273,10.0
TEST_03274,20.0
TEST_03275,10.0
TEST_03276,14.0
TEST_03277,3.0
TEST_03278,10.0
TEST_03279,10.0
TEST_03280,10.0
TEST_03281,10.0
TEST_03282,10.0
TEST_03283,21.0
TEST_03284,10.0
TEST_03285,10.0
TEST_03286,11.0
TEST_03287,16.0
TEST_03288,11.0
TEST_03289,11.0
TEST_03290,12.0
TEST_03291,13.0
TEST_03292,10.0
TEST_03293,17.0
TEST_03294,11.0
TEST_03295,10.0
TEST_03296,11.0
TEST_03297,10.0
TEST_03298,11.0
TEST_03299,10.0
TEST_03300,10.0
TEST_03301,10.0
TEST_03302,11.0
TEST_03303,11.0
TEST_03304,10.0
TEST_03305,10.0
TEST_03306,8.0
TEST_03307,20.0
TEST_03308,13.0
TEST_03309,10.0
TEST_03310,11.0
TEST_03311,10.0
TEST_03312,10.0
TEST_03313,10.0
TEST_03314,11.0
TEST_03315,11.0
TEST_03316,10.0
TEST_03317,4.0
TEST_03318,11.0
TEST_03319,10.0
TEST_03320,11.0
TEST_03321,10.0
TEST_03322,3.0
TEST_03323,15.0
TEST_03324,1.0
TEST_03325,15.0
TEST_03326,15.0
TEST_03327,11.0
TEST_03328,11.0
TEST_03329,9.0
TEST_03330,11.0
TEST_03331,10.0
TEST_03332,9.0
TEST_03333,10.0
TEST_03334,11.0
TEST_03335,2.0
TEST_03336,12.0
TEST_03337,17.0
TEST_03338,11.0
TEST_03339,11.0
TEST_03340,11.0
TEST_03341,16.0
TEST_03342,5.0
TEST_03343,11.0
TEST_03344,12.0
TEST_03345,10.0
TEST_03346,11.0
TEST_03347,9.0
TEST_03348,10.0
TEST_03349,12.0
TEST_03350,10.0
TEST_03351,11.0
TEST_03352,10.0
TEST_03353,10.0
TEST_03354,10.0
TEST_03355,11.0
TEST_03356,11.0
TEST_03357,12.0
TEST_03358,9.0
TEST_03359,10.0
TEST_03360,10.0
TEST_03361,10.0
TEST_03362,10.0
TEST_03363,11.0
TEST_03364,10.0
TEST_03365,11.0
TEST_03366,11.0
TEST_03367,11.0
TEST_03368,11.0
TEST_03369,8.0
TEST_03370,11.0
TEST_03371,2.0
TEST_03372,12.0
TEST_03373,11.0
TEST_03374,8.0
TEST_03375,19.0
TEST_03376,11.0
TEST_03377,11.0
TEST_03378,10.0
TEST_03379,11.0
TEST_03380,10.0
TEST_03381,14.0
TEST_03382,8.0
TEST_03383,10.0
TEST_03384,10.0
TEST_03385,7.0
TEST_03386,10.0
TEST_03387,10.0
TEST_03388,3.0
TEST_03389,15.0
TEST_03390,11.0
TEST_03391,12.0
TEST_03392,12.0
TEST_03393,10.0
TEST_03394,11.0
TEST_03395,11.0
TEST_03396,11.0
TEST_03397,9.0
TEST_03398,10.0
TEST_03399,15.0
TEST_03400,10.0
TEST_03401,10.0
TEST_03402,10.0
TEST_03403,10.0
TEST_03404,12.0
TEST_03405,11.0
TEST_03406,11.0
TEST_03407,13.0
TEST_03408,4.0
TEST_03409,10.0
TEST_03410,10.0
TEST_03411,9.0
TEST_03412,2.0
TEST_03413,11.0
TEST_03414,11.0
TEST_03415,11.0
TEST_03416,9.0
TEST_03417,5.0
TEST_03418,10.0
TEST_03419,7.0
TEST_03420,10.0
TEST_03421,10.0
TEST_03422,11.0
TEST_03423,10.0
TEST_03424,20.0
TEST_03425,2.0
TEST_03426,9.0
TEST_03427,10.0
TEST_03428,10.0
TEST_03429,6.0
TEST_03430,10.0
TEST_03431,12.0
TEST_03432,10.0
TEST_03433,10.0
TEST_03434,9.0
TEST_03435,18.0
TEST_03436,10.0
TEST_03437,2.0
TEST_03438,10.0
TEST_03439,1.0
TEST_03440,10.0
TEST_03441,11.0
TEST_03442,17.0
TEST_03443,10.0
TEST_03444,10.0
TEST_03445,10.0
TEST_03446,11.0
TEST_03447,11.0
TEST_03448,11.0
TEST_03449,12.0
TEST_03450,10.0
TEST_03451,2.0
TEST_03452,2.0
TEST_03453,10.0
TEST_03454,11.0
TEST_03455,8.0
TEST_03456,5.0
TEST_03457,9.0
TEST_03458,10.0
TEST_03459,11.0
TEST_03460,10.0
TEST_03461,18.0
TEST_03462,11.0
TEST_03463,10.0
TEST_03464,11.0
TEST_03465,12.0
TEST_03466,10.0
TEST_03467,10.0
TEST_03468,10.0
TEST_03469,11.0
TEST_03470,10.0
TEST_03471,15.0
TEST_03472,11.0
TEST_03473,21.0
TEST_03474,9.0
TEST_03475,11.0
TEST_03476,14.0
TEST_03477,13.0
TEST_03478,19.0
TEST_03479,11.0
TEST_03480,11.0
TEST_03481,11.0
TEST_03482,10.0
TEST_03483,11.0
TEST_03484,1.0
TEST_03485,8.0
TEST_03486,4.0
TEST_03487,11.0
TEST_03488,10.0
TEST_03489,11.0
TEST_03490,11.0
TEST_03491,7.0
TEST_03492,10.0
TEST_03493,10.0
TEST_03494,10.0
TEST_03495,12.0
TEST_03496,10.0
TEST_03497,2.0
TEST_03498,11.0
TEST_03499,9.0
TEST_03500,8.0
TEST_03501,10.0
TEST_03502,11.0
TEST_03503,10.0
TEST_03504,11.0
TEST_03505,10.0
TEST_03506,11.0
TEST_03507,11.0
TEST_03508,10.0
TEST_03509,5.0
TEST_03510,10.0
TEST_03511,10.0
TEST_03512,11.0
TEST_03513,7.0
TEST_03514,11.0
TEST_03515,12.0
TEST_03516,14.0
TEST_03517,5.0
TEST_03518,10.0
TEST_03519,3.0
TEST_03520,11.0
TEST_03521,10.0
TEST_03522,10.0
TEST_03523,10.0
TEST_03524,10.0
TEST_03525,10.0
TEST_03526,11.0
TEST_03527,10.0
TEST_03528,11.0
TEST_03529,11.0
TEST_03530,3.0
TEST_03531,11.0
TEST_03532,9.0
TEST_03533,11.0
TEST_03534,10.0
TEST_03535,9.0
TEST_03536,10.0
TEST_03537,10.0
TEST_03538,9.0
TEST_03539,1.0
TEST_03540,10.0
TEST_03541,10.0
TEST_03542,7.0
TEST_03543,10.0
TEST_03544,6.0
TEST_03545,12.0
TEST_03546,2.0
TEST_03547,10.0
TEST_03548,5.0
TEST_03549,10.0
TEST_03550,9.0
TEST_03551,11.0
TEST_03552,11.0
TEST_03553,10.0
TEST_03554,8.0
TEST_03555,2.0
TEST_03556,10.0
TEST_03557,11.0
TEST_03558,10.0
TEST_03559,7.0
TEST_03560,12.0
TEST_03561,9.0
TEST_03562,11.0
TEST_03563,10.0
TEST_03564,13.0
TEST_03565,18.0
TEST_03566,10.0
TEST_03567,10.0
TEST_03568,11.0
TEST_03569,11.0
TEST_03570,11.0
TEST_03571,14.0
TEST_03572,16.0
TEST_03573,10.0
TEST_03574,10.0
TEST_03575,11.0
TEST_03576,10.0
TEST_03577,10.0
TEST_03578,11.0
TEST_03579,10.0
TEST_03580,14.0
TEST_03581,10.0
TEST_03582,10.0
TEST_03583,11.0
TEST_03584,18.0
TEST_03585,18.0
TEST_03586,6.0
TEST_03587,11.0
TEST_03588,11.0
TEST_03589,11.0
TEST_03590,11.0
TEST_03591,11.0
TEST_03592,10.0
TEST_03593,8.0
TEST_03594,9.0
TEST_03595,15.0
TEST_03596,11.0
TEST_03597,11.0
TEST_03598,10.0
TEST_03599,11.0
TEST_03600,16.0
TEST_03601,10.0
TEST_03602,10.0
TEST_03603,10.0
TEST_03604,14.0
TEST_03605,11.0
TEST_03606,10.0
TEST_03607,15.0
TEST_03608,15.0
TEST_03609,11.0
TEST_03610,10.0
TEST_03611,2.0
TEST_03612,10.0
TEST_03613,11.0
TEST_03614,2.0
TEST_03615,10.0
TEST_03616,10.0
TEST_03617,10.0
TEST_03618,11.0
TEST_03619,11.0
TEST_03620,10.0
TEST_03621,10.0
TEST_03622,12.0
TEST_03623,10.0
TEST_03624,11.0
TEST_03625,18.0
TEST_03626,3.0
TEST_03627,10.0
TEST_03628,15.0
TEST_03629,13.0
TEST_03630,11.0
TEST_03631,10.0
TEST_03632,11.0
TEST_03633,10.0
TEST_03634,8.0
TEST_03635,8.0
TEST_03636,11.0
TEST_03637,8.0
TEST_03638,9.0
TEST_03639,11.0
TEST_03640,2.0
TEST_03641,11.0
TEST_03642,11.0
TEST_03643,12.0
TEST_03644,9.0
TEST_03645,10.0
TEST_03646,11.0
TEST_03647,11.0
TEST_03648,13.0
TEST_03649,10.0
TEST_03650,16.0
TEST_03651,11.0
TEST_03652,10.0
TEST_03653,3.0
TEST_03654,10.0
TEST_03655,3.0
TEST_03656,13.0
TEST_03657,7.0
TEST_03658,10.0
TEST_03659,10.0
TEST_03660,10.0
TEST_03661,11.0
TEST_03662,10.0
TEST_03663,8.0
TEST_03664,10.0
TEST_03665,10.0
TEST_03666,11.0
TEST_03667,10.0
TEST_03668,17.0
TEST_03669,10.0
TEST_03670,11.0
TEST_03671,2.0
TEST_03672,10.0
TEST_03673,11.0
TEST_03674,11.0
TEST_03675,11.0
TEST_03676,8.0
TEST_03677,3.0
TEST_03678,11.0
TEST_03679,10.0
TEST_03680,11.0
TEST_03681,11.0
TEST_03682,12.0
TEST_03683,13.0
TEST_03684,11.0
TEST_03685,16.0
TEST_03686,10.0
TEST_03687,11.0
TEST_03688,11.0
TEST_03689,10.0
TEST_03690,10.0
TEST_03691,10.0
TEST_03692,15.0
TEST_03693,10.0
TEST_03694,11.0
TEST_03695,10.0
TEST_03696,10.0
TEST_03697,11.0
TEST_03698,2.0
TEST_03699,10.0
TEST_03700,10.0
TEST_03701,10.0
TEST_03702,11.0
TEST_03703,10.0
TEST_03704,11.0
TEST_03705,10.0
TEST_03706,2.0
TEST_03707,10.0
TEST_03708,11.0
TEST_03709,10.0
TEST_03710,10.0
TEST_03711,3.0
TEST_03712,11.0
TEST_03713,12.0
TEST_03714,10.0
TEST_03715,11.0
TEST_03716,10.0
TEST_03717,11.0
TEST_03718,11.0
TEST_03719,9.0
TEST_03720,11.0
TEST_03721,11.0
TEST_03722,12.0
TEST_03723,11.0
TEST_03724,10.0
TEST_03725,10.0
TEST_03726,11.0
TEST_03727,11.0
TEST_03728,10.0
TEST_03729,10.0
TEST_03730,16.0
TEST_03731,14.0
TEST_03732,10.0
TEST_03733,11.0
TEST_03734,10.0
TEST_03735,11.0
TEST_03736,3.0
TEST_03737,10.0
TEST_03738,11.0
TEST_03739,11.0
TEST_03740,11.0
TEST_03741,11.0
TEST_03742,11.0
TEST_03743,11.0
TEST_03744,10.0
TEST_03745,9.0
TEST_03746,4.0
TEST_03747,11.0
TEST_03748,10.0
TEST_03749,11.0
TEST_03750,10.0
TEST_03751,12.0
TEST_03752,9.0
TEST_03753,10.0
TEST_03754,10.0
TEST_03755,10.0
TEST_03756,2.0
TEST_03757,10.0
TEST_03758,11.0
TEST_03759,10.0
TEST_03760,12.0
TEST_03761,8.0
TEST_03762,14.0
TEST_03763,10.0
TEST_03764,10.0
TEST_03765,10.0
TEST_03766,11.0
TEST_03767,11.0
TEST_03768,11.0
TEST_03769,11.0
TEST_03770,10.0
TEST_03771,11.0
TEST_03772,7.0
TEST_03773,11.0
TEST_03774,10.0
TEST_03775,10.0
TEST_03776,10.0
TEST_03777,2.0
TEST_03778,10.0
TEST_03779,10.0
TEST_03780,10.0
TEST_03781,10.0
TEST_03782,10.0
TEST_03783,10.0
TEST_03784,10.0
TEST_03785,10.0
TEST_03786,11.0
TEST_03787,11.0
TEST_03788,13.0
TEST_03789,10.0
TEST_03790,15.0
TEST_03791,10.0
TEST_03792,10.0
TEST_03793,13.0
TEST_03794,10.0
TEST_03795,10.0
TEST_03796,11.0
TEST_03797,12.0
TEST_03798,10.0
TEST_03799,10.0
TEST_03800,10.0
TEST_03801,11.0
TEST_03802,10.0
TEST_03803,10.0
TEST_03804,8.0
TEST_03805,9.0
TEST_03806,10.0
TEST_03807,8.0
TEST_03808,5.0
TEST_03809,10.0
TEST_03810,4.0
TEST_03811,11.0
TEST_03812,10.0
TEST_03813,10.0
TEST_03814,13.0
TEST_03815,12.0
TEST_03816,10.0
TEST_03817,10.0
TEST_03818,10.0
TEST_03819,10.0
TEST_03820,11.0
TEST_03821,11.0
TEST_03822,15.0
TEST_03823,11.0
TEST_03824,11.0
TEST_03825,10.0
TEST_03826,16.0
TEST_03827,2.0
TEST_03828,2.0
TEST_03829,11.0
TEST_03830,4.0
TEST_03831,10.0
TEST_03832,18.0
TEST_03833,10.0
TEST_03834,11.0
TEST_03835,11.0
TEST_03836,11.0
TEST_03837,10.0
TEST_03838,11.0
TEST_03839,10.0
TEST_03840,18.0
TEST_03841,10.0
TEST_03842,5.0
TEST_03843,11.0
TEST_03844,11.0
TEST_03845,7.0
TEST_03846,10.0
TEST_03847,17.0
TEST_03848,9.0
TEST_03849,11.0
TEST_03850,11.0
TEST_03851,10.0
TEST_03852,18.0
TEST_03853,12.0
TEST_03854,10.0
TEST_03855,14.0
TEST_03856,11.0
TEST_03857,8.0
TEST_03858,10.0
TEST_03859,11.0
TEST_03860,11.0
TEST_03861,10.0
TEST_03862,13.0
TEST_03863,2.0
TEST_03864,11.0
TEST_03865,11.0
TEST_03866,11.0
TEST_03867,10.0
TEST_03868,11.0
TEST_03869,7.0
TEST_03870,11.0
TEST_03871,2.0
TEST_03872,15.0
TEST_03873,11.0
TEST_03874,9.0
TEST_03875,8.0
TEST_03876,10.0
TEST_03877,11.0
TEST_03878,10.0
TEST_03879,3.0
TEST_03880,12.0
TEST_03881,10.0
TEST_03882,11.0
TEST_03883,10.0
TEST_03884,11.0
TEST_03885,10.0
TEST_03886,13.0
TEST_03887,10.0
TEST_03888,20.0
TEST_03889,10.0
TEST_03890,8.0
TEST_03891,9.0
TEST_03892,10.0
TEST_03893,1.0
TEST_03894,10.0
TEST_03895,10.0
TEST_03896,10.0
TEST_03897,19.0
TEST_03898,19.0
TEST_03899,10.0
TEST_03900,4.0
TEST_03901,7.0
TEST_03902,12.0
TEST_03903,10.0
TEST_03904,11.0
TEST_03905,3.0
TEST_03906,11.0
TEST_03907,11.0
TEST_03908,9.0
TEST_03909,10.0
TEST_03910,10.0
TEST_03911,10.0
TEST_03912,10.0
TEST_03913,2.0
TEST_03914,10.0
TEST_03915,10.0
TEST_03916,6.0
TEST_03917,11.0
TEST_03918,3.0
TEST_03919,3.0
TEST_03920,9.0
TEST_03921,10.0
TEST_03922,11.0
TEST_03923,11.0
TEST_03924,2.0
TEST_03925,14.0
TEST_03926,2.0
TEST_03927,10.0
TEST_03928,11.0
TEST_03929,11.0
TEST_03930,2.0
TEST_03931,12.0
TEST_03932,10.0
TEST_03933,10.0
TEST_03934,2.0
TEST_03935,10.0
TEST_03936,9.0
TEST_03937,11.0
TEST_03938,15.0
TEST_03939,7.0
TEST_03940,10.0
TEST_03941,10.0
TEST_03942,10.0
TEST_03943,13.0
TEST_03944,11.0
TEST_03945,10.0
TEST_03946,16.0
TEST_03947,12.0
TEST_03948,11.0
TEST_03949,10.0
TEST_03950,11.0
TEST_03951,3.0
TEST_03952,11.0
TEST_03953,10.0
TEST_03954,10.0
TEST_03955,11.0
TEST_03956,5.0
TEST_03957,10.0
TEST_03958,10.0
TEST_03959,10.0
TEST_03960,12.0
TEST_03961,11.0
TEST_03962,9.0
TEST_03963,9.0
TEST_03964,10.0
TEST_03965,10.0
TEST_03966,9.0
TEST_03967,16.0
TEST_03968,14.0
TEST_03969,10.0
TEST_03970,2.0
TEST_03971,11.0
TEST_03972,6.0
TEST_03973,11.0
TEST_03974,10.0
TEST_03975,11.0
TEST_03976,11.0
TEST_03977,1.0
TEST_03978,17.0
TEST_03979,10.0
TEST_03980,12.0
TEST_03981,13.0
TEST_03982,19.0
TEST_03983,11.0
TEST_03984,10.0
TEST_03985,4.0
TEST_03986,10.0
TEST_03987,10.0
TEST_03988,11.0
TEST_03989,11.0
TEST_03990,10.0
TEST_03991,11.0
TEST_03992,10.0
TEST_03993,12.0
TEST_03994,11.0
TEST_03995,10.0
TEST_03996,10.0
TEST_03997,11.0
TEST_03998,10.0
TEST_03999,17.0
TEST_04000,16.0
TEST_04001,11.0
TEST_04002,13.0
TEST_04003,11.0
TEST_04004,9.0
TEST_04005,6.0
TEST_04006,8.0
TEST_04007,10.0
TEST_04008,11.0
TEST_04009,9.0
TEST_04010,10.0
TEST_04011,11.0
TEST_04012,10.0
TEST_04013,10.0
TEST_04014,11.0
TEST_04015,10.0
TEST_04016,15.0
TEST_04017,7.0
TEST_04018,14.0
TEST_04019,7.0
TEST_04020,11.0
TEST_04021,6.0
TEST_04022,16.0
TEST_04023,1.0
TEST_04024,10.0
TEST_04025,11.0
TEST_04026,11.0
TEST_04027,10.0
TEST_04028,10.0
TEST_04029,10.0
TEST_04030,10.0
TEST_04031,10.0
TEST_04032,8.0
TEST_04033,8.0
TEST_04034,6.0
TEST_04035,13.0
TEST_04036,11.0
TEST_04037,10.0
TEST_04038,9.0
TEST_04039,11.0
TEST_04040,10.0
TEST_04041,11.0
TEST_04042,11.0
TEST_04043,10.0
TEST_04044,8.0
TEST_04045,11.0
TEST_04046,11.0
TEST_04047,11.0
TEST_04048,11.0
TEST_04049,8.0
TEST_04050,7.0
TEST_04051,12.0
TEST_04052,6.0
TEST_04053,11.0
TEST_04054,16.0
TEST_04055,15.0
TEST_04056,11.0
TEST_04057,11.0
TEST_04058,10.0
TEST_04059,15.0
TEST_04060,10.0
TEST_04061,10.0
TEST_04062,11.0
TEST_04063,11.0
TEST_04064,11.0
TEST_04065,10.0
TEST_04066,9.0
TEST_04067,10.0
TEST_04068,2.0
TEST_04069,6.0
TEST_04070,11.0
TEST_04071,11.0
TEST_04072,11.0
TEST_04073,11.0
TEST_04074,10.0
TEST_04075,18.0
TEST_04076,8.0
TEST_04077,10.0
TEST_04078,17.0
TEST_04079,10.0
TEST_04080,10.0
TEST_04081,13.0
TEST_04082,14.0
TEST_04083,11.0
TEST_04084,10.0
TEST_04085,12.0
TEST_04086,11.0
TEST_04087,11.0
TEST_04088,10.0
TEST_04089,11.0
TEST_04090,7.0
TEST_04091,9.0
TEST_04092,19.0
TEST_04093,10.0
TEST_04094,10.0
TEST_04095,11.0
TEST_04096,10.0
TEST_04097,9.0
TEST_04098,11.0
TEST_04099,18.0
TEST_04100,16.0
TEST_04101,10.0
TEST_04102,8.0
TEST_04103,11.0
TEST_04104,7.0
TEST_04105,11.0
TEST_04106,9.0
TEST_04107,11.0
TEST_04108,11.0
TEST_04109,8.0
TEST_04110,10.0
TEST_04111,10.0
TEST_04112,11.0
TEST_04113,4.0
TEST_04114,10.0
TEST_04115,11.0
TEST_04116,1.0
TEST_04117,10.0
TEST_04118,8.0
TEST_04119,10.0
TEST_04120,15.0
TEST_04121,11.0
TEST_04122,16.0
TEST_04123,9.0
TEST_04124,12.0
TEST_04125,11.0
TEST_04126,13.0
TEST_04127,11.0
TEST_04128,11.0
TEST_04129,10.0
TEST_04130,10.0
TEST_04131,10.0
TEST_04132,10.0
TEST_04133,11.0
TEST_04134,11.0
TEST_04135,11.0
TEST_04136,13.0
TEST_04137,17.0
TEST_04138,10.0
TEST_04139,10.0
TEST_04140,11.0
TEST_04141,7.0
TEST_04142,11.0
TEST_04143,8.0
TEST_04144,6.0
TEST_04145,11.0
TEST_04146,11.0
TEST_04147,12.0
TEST_04148,9.0
TEST_04149,7.0
TEST_04150,10.0
TEST_04151,3.0
TEST_04152,7.0
TEST_04153,11.0
TEST_04154,11.0
TEST_04155,10.0
TEST_04156,10.0
TEST_04157,11.0
TEST_04158,10.0
TEST_04159,10.0
TEST_04160,10.0
TEST_04161,11.0
TEST_04162,3.0
TEST_04163,3.0
TEST_04164,11.0
TEST_04165,10.0
TEST_04166,9.0
TEST_04167,11.0
TEST_04168,2.0
TEST_04169,12.0
TEST_04170,11.0
TEST_04171,12.0
TEST_04172,12.0
TEST_04173,10.0
TEST_04174,10.0
TEST_04175,10.0
TEST_04176,2.0
TEST_04177,10.0
TEST_04178,11.0
TEST_04179,11.0
TEST_04180,10.0
TEST_04181,10.0
TEST_04182,17.0
TEST_04183,11.0
TEST_04184,10.0
TEST_04185,10.0
TEST_04186,10.0
TEST_04187,10.0
TEST_04188,10.0
TEST_04189,11.0
TEST_04190,10.0
TEST_04191,10.0
TEST_04192,13.0
TEST_04193,10.0
TEST_04194,10.0
TEST_04195,10.0
TEST_04196,11.0
TEST_04197,10.0
TEST_04198,11.0
TEST_04199,20.0
TEST_04200,3.0
TEST_04201,11.0
TEST_04202,10.0
TEST_04203,14.0
TEST_04204,10.0
TEST_04205,10.0
TEST_04206,12.0
TEST_04207,10.0
TEST_04208,7.0
TEST_04209,10.0
TEST_04210,11.0
TEST_04211,10.0
TEST_04212,11.0
TEST_04213,10.0
TEST_04214,11.0
TEST_04215,14.0
TEST_04216,11.0
TEST_04217,10.0
TEST_04218,10.0
TEST_04219,4.0
TEST_04220,10.0
TEST_04221,10.0
TEST_04222,10.0
TEST_04223,14.0
TEST_04224,10.0
TEST_04225,15.0
TEST_04226,11.0
TEST_04227,10.0
TEST_04228,11.0
TEST_04229,9.0
TEST_04230,9.0
TEST_04231,9.0
TEST_04232,10.0
TEST_04233,11.0
TEST_04234,11.0
TEST_04235,11.0
TEST_04236,10.0
TEST_04237,10.0
TEST_04238,11.0
TEST_04239,3.0
TEST_04240,2.0
TEST_04241,10.0
TEST_04242,10.0
TEST_04243,9.0
TEST_04244,10.0
TEST_04245,10.0
TEST_04246,10.0
TEST_04247,11.0
TEST_04248,10.0
TEST_04249,10.0
TEST_04250,11.0
TEST_04251,10.0
TEST_04252,11.0
TEST_04253,9.0
TEST_04254,15.0
TEST_04255,11.0
TEST_04256,14.0
TEST_04257,10.0
TEST_04258,10.0
TEST_04259,11.0
TEST_04260,11.0
TEST_04261,3.0
TEST_04262,10.0
TEST_04263,11.0
TEST_04264,10.0
TEST_04265,11.0
TEST_04266,10.0
TEST_04267,10.0
TEST_04268,13.0
TEST_04269,10.0
TEST_04270,10.0
TEST_04271,10.0
TEST_04272,10.0
TEST_04273,11.0
TEST_04274,11.0
TEST_04275,9.0
TEST_04276,2.0
TEST_04277,15.0
TEST_04278,3.0
TEST_04279,10.0
TEST_04280,10.0
TEST_04281,10.0
TEST_04282,10.0
TEST_04283,11.0
TEST_04284,9.0
TEST_04285,10.0
TEST_04286,11.0
TEST_04287,10.0
TEST_04288,2.0
TEST_04289,10.0
TEST_04290,10.0
TEST_04291,10.0
TEST_04292,1.0
TEST_04293,12.0
TEST_04294,8.0
TEST_04295,10.0
TEST_04296,10.0
TEST_04297,10.0
TEST_04298,13.0
TEST_04299,10.0
TEST_04300,11.0
TEST_04301,10.0
TEST_04302,11.0
TEST_04303,7.0
TEST_04304,10.0
TEST_04305,11.0
TEST_04306,14.0
TEST_04307,10.0
TEST_04308,15.0
TEST_04309,19.0
TEST_04310,12.0
TEST_04311,10.0
TEST_04312,10.0
TEST_04313,10.0
TEST_04314,11.0
TEST_04315,11.0
TEST_04316,10.0
TEST_04317,10.0
TEST_04318,8.0
TEST_04319,9.0
TEST_04320,10.0
TEST_04321,11.0
TEST_04322,10.0
TEST_04323,10.0
TEST_04324,3.0
TEST_04325,10.0
TEST_04326,2.0
TEST_04327,10.0
TEST_04328,10.0
TEST_04329,10.0
TEST_04330,14.0
TEST_04331,6.0
TEST_04332,10.0
TEST_04333,12.0
TEST_04334,9.0
TEST_04335,11.0
TEST_04336,11.0
TEST_04337,11.0
TEST_04338,2.0
TEST_04339,11.0
TEST_04340,11.0
TEST_04341,12.0
TEST_04342,7.0
TEST_04343,10.0
TEST_04344,10.0
TEST_04345,10.0
TEST_04346,10.0
TEST_04347,11.0
TEST_04348,10.0
TEST_04349,7.0
TEST_04350,18.0
TEST_04351,11.0
TEST_04352,11.0
TEST_04353,11.0
TEST_04354,11.0
TEST_04355,10.0
TEST_04356,10.0
TEST_04357,9.0
TEST_04358,14.0
TEST_04359,11.0
TEST_04360,11.0
TEST_04361,11.0
TEST_04362,11.0
TEST_04363,10.0
TEST_04364,2.0
TEST_04365,11.0
TEST_04366,8.0
TEST_04367,10.0
TEST_04368,9.0
TEST_04369,10.0
TEST_04370,9.0
TEST_04371,9.0
TEST_04372,3.0
TEST_04373,14.0
TEST_04374,11.0
TEST_04375,11.0
TEST_04376,10.0
TEST_04377,11.0
TEST_04378,10.0
TEST_04379,3.0
TEST_04380,1.0
TEST_04381,4.0
TEST_04382,10.0
TEST_04383,10.0
TEST_04384,10.0
TEST_04385,10.0
TEST_04386,10.0
TEST_04387,11.0
TEST_04388,10.0
TEST_04389,10.0
TEST_04390,19.0
TEST_04391,11.0
TEST_04392,13.0
TEST_04393,11.0
TEST_04394,11.0
TEST_04395,9.0
TEST_04396,13.0
TEST_04397,11.0
TEST_04398,11.0
TEST_04399,11.0
TEST_04400,9.0
TEST_04401,10.0
TEST_04402,16.0
TEST_04403,11.0
TEST_04404,10.0
TEST_04405,2.0
TEST_04406,12.0
TEST_04407,11.0
TEST_04408,11.0
TEST_04409,11.0
TEST_04410,8.0
TEST_04411,2.0
TEST_04412,10.0
TEST_04413,11.0
TEST_04414,12.0
TEST_04415,9.0
TEST_04416,10.0
TEST_04417,11.0
TEST_04418,11.0
TEST_04419,11.0
TEST_04420,11.0
TEST_04421,9.0
TEST_04422,11.0
TEST_04423,11.0
TEST_04424,1.0
TEST_04425,10.0
TEST_04426,11.0
TEST_04427,10.0
TEST_04428,10.0
TEST_04429,11.0
TEST_04430,10.0
TEST_04431,6.0
TEST_04432,12.0
TEST_04433,10.0
TEST_04434,10.0
TEST_04435,10.0
TEST_04436,12.0
TEST_04437,11.0
TEST_04438,10.0
TEST_04439,3.0
TEST_04440,10.0
TEST_04441,8.0
TEST_04442,10.0
TEST_04443,16.0
TEST_04444,10.0
TEST_04445,16.0
TEST_04446,10.0
TEST_04447,10.0
TEST_04448,11.0
TEST_04449,12.0
TEST_04450,11.0
TEST_04451,11.0
TEST_04452,11.0
TEST_04453,10.0
TEST_04454,11.0
TEST_04455,10.0
TEST_04456,12.0
TEST_04457,15.0
TEST_04458,11.0
TEST_04459,10.0
TEST_04460,17.0
TEST_04461,10.0
TEST_04462,11.0
TEST_04463,9.0
TEST_04464,11.0
TEST_04465,17.0
TEST_04466,10.0
TEST_04467,7.0
TEST_04468,10.0
TEST_04469,10.0
TEST_04470,13.0
TEST_04471,9.0
TEST_04472,10.0
TEST_04473,12.0
TEST_04474,11.0
TEST_04475,11.0
TEST_04476,11.0
TEST_04477,16.0
TEST_04478,12.0
TEST_04479,11.0
TEST_04480,10.0
TEST_04481,12.0
TEST_04482,10.0
TEST_04483,10.0
TEST_04484,6.0
TEST_04485,10.0
TEST_04486,10.0
TEST_04487,10.0
TEST_04488,11.0
TEST_04489,14.0
TEST_04490,3.0
TEST_04491,15.0
TEST_04492,11.0
TEST_04493,10.0
TEST_04494,12.0
TEST_04495,3.0
TEST_04496,8.0
TEST_04497,10.0
TEST_04498,10.0
TEST_04499,3.0
TEST_04500,11.0
TEST_04501,2.0
TEST_04502,10.0
TEST_04503,10.0
TEST_04504,11.0
TEST_04505,3.0
TEST_04506,10.0
TEST_04507,10.0
TEST_04508,11.0
TEST_04509,2.0
TEST_04510,10.0
TEST_04511,9.0
TEST_04512,16.0
TEST_04513,11.0
TEST_04514,10.0
TEST_04515,2.0
TEST_04516,4.0
TEST_04517,10.0
TEST_04518,10.0
TEST_04519,10.0
TEST_04520,11.0
TEST_04521,10.0
TEST_04522,9.0
TEST_04523,10.0
TEST_04524,17.0
TEST_04525,11.0
TEST_04526,11.0
TEST_04527,10.0
TEST_04528,10.0
TEST_04529,10.0
TEST_04530,5.0
TEST_04531,10.0
TEST_04532,12.0
TEST_04533,19.0
TEST_04534,10.0
TEST_04535,16.0
TEST_04536,5.0
TEST_04537,10.0
TEST_04538,2.0
TEST_04539,12.0
TEST_04540,6.0
TEST_04541,10.0
TEST_04542,3.0
TEST_04543,13.0
TEST_04544,10.0
TEST_04545,4.0
TEST_04546,9.0
TEST_04547,10.0
TEST_04548,11.0
TEST_04549,10.0
TEST_04550,11.0
TEST_04551,11.0
TEST_04552,10.0
TEST_04553,10.0
TEST_04554,11.0
TEST_04555,3.0
TEST_04556,7.0
TEST_04557,12.0
TEST_04558,10.0
TEST_04559,10.0
TEST_04560,10.0
TEST_04561,11.0
TEST_04562,10.0
TEST_04563,10.0
TEST_04564,10.0
TEST_04565,10.0
TEST_04566,11.0
TEST_04567,10.0
TEST_04568,12.0
TEST_04569,3.0
TEST_04570,10.0
TEST_04571,13.0
TEST_04572,14.0
TEST_04573,5.0
TEST_04574,11.0
TEST_04575,2.0
TEST_04576,10.0
TEST_04577,10.0
TEST_04578,10.0
TEST_04579,10.0
TEST_04580,10.0
TEST_04581,3.0
TEST_04582,19.0
TEST_04583,10.0
TEST_04584,10.0
TEST_04585,11.0
TEST_04586,10.0
TEST_04587,11.0
TEST_04588,2.0
TEST_04589,10.0
TEST_04590,11.0
TEST_04591,10.0
TEST_04592,11.0
TEST_04593,3.0
TEST_04594,10.0
TEST_04595,2.0
TEST_04596,10.0
TEST_04597,11.0
TEST_04598,10.0
TEST_04599,9.0
TEST_04600,11.0
TEST_04601,10.0
TEST_04602,10.0
TEST_04603,15.0
TEST_04604,11.0
TEST_04605,10.0
TEST_04606,11.0
TEST_04607,10.0
TEST_04608,10.0
TEST_04609,10.0
TEST_04610,10.0
TEST_04611,10.0
TEST_04612,10.0
TEST_04613,10.0
TEST_04614,10.0
TEST_04615,10.0
TEST_04616,19.0
TEST_04617,11.0
TEST_04618,9.0
TEST_04619,9.0
TEST_04620,2.0
TEST_04621,11.0
TEST_04622,12.0
TEST_04623,11.0
TEST_04624,9.0
TEST_04625,10.0
TEST_04626,10.0
TEST_04627,11.0
TEST_04628,10.0
TEST_04629,10.0
TEST_04630,9.0
TEST_04631,14.0
TEST_04632,10.0
TEST_04633,11.0
TEST_04634,6.0
TEST_04635,10.0
TEST_04636,12.0
TEST_04637,10.0
TEST_04638,14.0
TEST_04639,10.0
TEST_04640,10.0
TEST_04641,13.0
TEST_04642,10.0
TEST_04643,7.0
TEST_04644,2.0
TEST_04645,10.0
TEST_04646,10.0
TEST_04647,9.0
TEST_04648,9.0
TEST_04649,11.0
TEST_04650,10.0
TEST_04651,11.0
TEST_04652,10.0
TEST_04653,5.0
TEST_04654,11.0
TEST_04655,12.0
TEST_04656,10.0
TEST_04657,11.0
TEST_04658,10.0
TEST_04659,11.0
TEST_04660,6.0
TEST_04661,2.0
TEST_04662,2.0
TEST_04663,8.0
TEST_04664,10.0
TEST_04665,7.0
TEST_04666,11.0
TEST_04667,11.0
TEST_04668,10.0
TEST_04669,11.0
TEST_04670,11.0
TEST_04671,10.0
TEST_04672,3.0
TEST_04673,10.0
TEST_04674,10.0
TEST_04675,10.0
TEST_04676,11.0
TEST_04677,13.0
TEST_04678,10.0
TEST_04679,10.0
TEST_04680,11.0
TEST_04681,10.0
TEST_04682,11.0
TEST_04683,11.0
TEST_04684,15.0
TEST_04685,11.0
TEST_04686,10.0
TEST_04687,10.0
TEST_04688,11.0
TEST_04689,11.0
TEST_04690,19.0
TEST_04691,9.0
TEST_04692,10.0
TEST_04693,11.0
TEST_04694,9.0
TEST_04695,11.0
TEST_04696,11.0
TEST_04697,10.0
TEST_04698,10.0
TEST_04699,9.0
TEST_04700,9.0
TEST_04701,10.0
TEST_04702,10.0
TEST_04703,11.0
TEST_04704,10.0
TEST_04705,10.0
TEST_04706,1.0
TEST_04707,10.0
TEST_04708,11.0
TEST_04709,2.0
TEST_04710,10.0
TEST_04711,11.0
TEST_04712,11.0
TEST_04713,11.0
TEST_04714,1.0
TEST_04715,8.0
TEST_04716,10.0
TEST_04717,3.0
TEST_04718,9.0
TEST_04719,11.0
TEST_04720,10.0
TEST_04721,11.0
TEST_04722,10.0
TEST_04723,8.0
TEST_04724,11.0
TEST_04725,10.0
TEST_04726,11.0
TEST_04727,10.0
TEST_04728,10.0
TEST_04729,9.0
TEST_04730,8.0
TEST_04731,1.0
TEST_04732,11.0
TEST_04733,10.0
TEST_04734,11.0
TEST_04735,11.0
TEST_04736,10.0
TEST_04737,10.0
TEST_04738,11.0
TEST_04739,10.0
TEST_04740,6.0
TEST_04741,3.0
TEST_04742,14.0
TEST_04743,11.0
TEST_04744,10.0
TEST_04745,10.0
TEST_04746,6.0
TEST_04747,10.0
TEST_04748,10.0
TEST_04749,11.0
TEST_04750,10.0
TEST_04751,8.0
TEST_04752,10.0
TEST_04753,13.0
TEST_04754,10.0
TEST_04755,10.0
TEST_04756,10.0
TEST_04757,10.0
TEST_04758,10.0
TEST_04759,11.0
TEST_04760,9.0
TEST_04761,11.0
TEST_04762,10.0
TEST_04763,2.0
TEST_04764,11.0
TEST_04765,10.0
TEST_04766,10.0
TEST_04767,9.0
TEST_04768,12.0
TEST_04769,12.0
TEST_04770,10.0
TEST_04771,11.0
TEST_04772,11.0
TEST_04773,11.0
TEST_04774,11.0
TEST_04775,11.0
TEST_04776,11.0
TEST_04777,10.0
TEST_04778,11.0
TEST_04779,12.0
TEST_04780,2.0
TEST_04781,11.0
TEST_04782,6.0
TEST_04783,11.0
TEST_04784,12.0
TEST_04785,10.0
TEST_04786,11.0
TEST_04787,10.0
TEST_04788,3.0
TEST_04789,9.0
TEST_04790,11.0
TEST_04791,11.0
TEST_04792,10.0
TEST_04793,10.0
TEST_04794,2.0
TEST_04795,11.0
TEST_04796,10.0
TEST_04797,10.0
TEST_04798,6.0
TEST_04799,10.0
TEST_04800,11.0
TEST_04801,11.0
TEST_04802,11.0
TEST_04803,2.0
TEST_04804,10.0
TEST_04805,17.0
TEST_04806,10.0
TEST_04807,1.0
TEST_04808,10.0
TEST_04809,10.0
TEST_04810,2.0
TEST_04811,11.0
TEST_04812,10.0
TEST_04813,10.0
TEST_04814,6.0
TEST_04815,11.0
TEST_04816,10.0
TEST_04817,11.0
TEST_04818,13.0
TEST_04819,10.0
TEST_04820,11.0
TEST_04821,11.0
TEST_04822,11.0
TEST_04823,11.0
TEST_04824,10.0
TEST_04825,10.0
TEST_04826,10.0
TEST_04827,1.0
TEST_04828,10.0
TEST_04829,11.0
TEST_04830,10.0
TEST_04831,10.0
TEST_04832,10.0
TEST_04833,10.0
TEST_04834,9.0
TEST_04835,11.0
TEST_04836,15.0
TEST_04837,16.0
TEST_04838,11.0
TEST_04839,11.0
TEST_04840,11.0
TEST_04841,10.0
TEST_04842,11.0
TEST_04843,11.0
TEST_04844,11.0
TEST_04845,10.0
TEST_04846,12.0
TEST_04847,11.0
TEST_04848,11.0
TEST_04849,9.0
TEST_04850,8.0
TEST_04851,16.0
TEST_04852,1.0
TEST_04853,18.0
TEST_04854,10.0
TEST_04855,10.0
TEST_04856,11.0
TEST_04857,10.0
TEST_04858,10.0
TEST_04859,10.0
TEST_04860,10.0
TEST_04861,11.0
TEST_04862,10.0
TEST_04863,11.0
TEST_04864,11.0
TEST_04865,10.0
TEST_04866,10.0
TEST_04867,6.0
TEST_04868,10.0
TEST_04869,10.0
TEST_04870,3.0
TEST_04871,11.0
TEST_04872,11.0
TEST_04873,7.0
TEST_04874,10.0
TEST_04875,10.0
TEST_04876,11.0
TEST_04877,10.0
TEST_04878,11.0
TEST_04879,10.0
TEST_04880,11.0
TEST_04881,14.0
TEST_04882,8.0
TEST_04883,10.0
TEST_04884,9.0
TEST_04885,11.0
TEST_04886,10.0
TEST_04887,11.0
TEST_04888,2.0
TEST_04889,10.0
TEST_04890,11.0
TEST_04891,5.0
TEST_04892,11.0
TEST_04893,10.0
TEST_04894,11.0
TEST_04895,8.0
TEST_04896,8.0
TEST_04897,11.0
TEST_04898,19.0
TEST_04899,9.0
TEST_04900,8.0
TEST_04901,3.0
TEST_04902,10.0
TEST_04903,3.0
TEST_04904,10.0
TEST_04905,10.0
TEST_04906,10.0
TEST_04907,10.0
TEST_04908,9.0
TEST_04909,10.0
TEST_04910,9.0
TEST_04911,10.0
TEST_04912,5.0
TEST_04913,10.0
TEST_04914,10.0
TEST_04915,3.0
TEST_04916,11.0
TEST_04917,10.0
TEST_04918,10.0
TEST_04919,3.0
TEST_04920,10.0
TEST_04921,11.0
TEST_04922,10.0
TEST_04923,2.0
TEST_04924,10.0
TEST_04925,16.0
TEST_04926,10.0
TEST_04927,13.0
TEST_04928,10.0
TEST_04929,9.0
TEST_04930,3.0
TEST_04931,10.0
TEST_04932,10.0
TEST_04933,10.0
TEST_04934,10.0
TEST_04935,15.0
TEST_04936,11.0
TEST_04937,10.0
TEST_04938,11.0
TEST_04939,7.0
TEST_04940,11.0
TEST_04941,11.0
TEST_04942,10.0
TEST_04943,1.0
TEST_04944,6.0
TEST_04945,10.0
TEST_04946,11.0
TEST_04947,10.0
TEST_04948,10.0
TEST_04949,13.0
TEST_04950,10.0
TEST_04951,15.0
TEST_04952,12.0
TEST_04953,3.0
TEST_04954,17.0
TEST_04955,11.0
TEST_04956,10.0
TEST_04957,2.0
TEST_04958,11.0
TEST_04959,11.0
TEST_04960,11.0
TEST_04961,10.0
TEST_04962,13.0
TEST_04963,10.0
TEST_04964,11.0
TEST_04965,10.0
TEST_04966,10.0
TEST_04967,10.0
TEST_04968,11.0
TEST_04969,15.0
TEST_04970,21.0
TEST_04971,10.0
TEST_04972,11.0
TEST_04973,7.0
TEST_04974,11.0
TEST_04975,10.0
TEST_04976,11.0
TEST_04977,11.0
TEST_04978,11.0
TEST_04979,2.0
TEST_04980,11.0
TEST_04981,12.0
TEST_04982,11.0
TEST_04983,14.0
TEST_04984,11.0
TEST_04985,8.0
TEST_04986,10.0
TEST_04987,11.0
TEST_04988,10.0
TEST_04989,2.0
TEST_04990,10.0
TEST_04991,11.0
TEST_04992,10.0
TEST_04993,10.0
TEST_04994,11.0
TEST_04995,8.0
TEST_04996,10.0
TEST_04997,10.0
TEST_04998,11.0
TEST_04999,10.0
TEST_05000,11.0
TEST_05001,11.0
TEST_05002,10.0
TEST_05003,14.0
TEST_05004,11.0
TEST_05005,2.0
TEST_05006,16.0
TEST_05007,10.0
TEST_05008,10.0
TEST_05009,10.0
TEST_05010,11.0
TEST_05011,10.0
TEST_05012,11.0
TEST_05013,8.0
TEST_05014,9.0
TEST_05015,16.0
TEST_05016,13.0
TEST_05017,2.0
TEST_05018,12.0
TEST_05019,16.0
TEST_05020,10.0
TEST_05021,1.0
TEST_05022,10.0
TEST_05023,11.0
TEST_05024,4.0
TEST_05025,10.0
TEST_05026,5.0
TEST_05027,10.0
TEST_05028,10.0
TEST_05029,17.0
TEST_05030,8.0
TEST_05031,10.0
TEST_05032,9.0
TEST_05033,11.0
TEST_05034,4.0
TEST_05035,8.0
TEST_05036,10.0
TEST_05037,10.0
TEST_05038,2.0
TEST_05039,10.0
TEST_05040,9.0
TEST_05041,9.0
TEST_05042,3.0
TEST_05043,9.0
TEST_05044,11.0
TEST_05045,10.0
TEST_05046,11.0
TEST_05047,22.0
TEST_05048,10.0
TEST_05049,16.0
TEST_05050,2.0
TEST_05051,10.0
TEST_05052,11.0
TEST_05053,10.0
TEST_05054,9.0
TEST_05055,9.0
TEST_05056,10.0
TEST_05057,9.0
TEST_05058,4.0
TEST_05059,12.0
TEST_05060,9.0
TEST_05061,11.0
TEST_05062,14.0
TEST_05063,11.0
TEST_05064,7.0
TEST_05065,10.0
TEST_05066,11.0
TEST_05067,7.0
TEST_05068,11.0
TEST_05069,7.0
TEST_05070,9.0
TEST_05071,1.0
TEST_05072,11.0
TEST_05073,11.0
TEST_05074,13.0
TEST_05075,9.0
TEST_05076,13.0
TEST_05077,10.0
TEST_05078,10.0
TEST_05079,10.0
TEST_05080,13.0
TEST_05081,10.0
TEST_05082,5.0
TEST_05083,10.0
TEST_05084,11.0
TEST_05085,10.0
TEST_05086,12.0
TEST_05087,7.0
TEST_05088,10.0
TEST_05089,9.0
TEST_05090,11.0
TEST_05091,10.0
TEST_05092,9.0
TEST_05093,11.0
TEST_05094,17.0
TEST_05095,10.0
TEST_05096,10.0
TEST_05097,3.0
TEST_05098,9.0
TEST_05099,10.0
TEST_05100,11.0
TEST_05101,11.0
TEST_05102,10.0
TEST_05103,2.0
TEST_05104,11.0
TEST_05105,9.0
TEST_05106,10.0
TEST_05107,10.0
TEST_05108,10.0
TEST_05109,11.0
TEST_05110,18.0
TEST_05111,12.0
TEST_05112,10.0
TEST_05113,7.0
TEST_05114,9.0
TEST_05115,3.0
TEST_05116,3.0
TEST_05117,11.0
TEST_05118,8.0
TEST_05119,10.0
TEST_05120,11.0
TEST_05121,10.0
TEST_05122,10.0
TEST_05123,10.0
TEST_05124,11.0
TEST_05125,11.0
TEST_05126,8.0
TEST_05127,10.0
TEST_05128,10.0
TEST_05129,3.0
TEST_05130,10.0
TEST_05131,10.0
TEST_05132,11.0
TEST_05133,14.0
TEST_05134,9.0
TEST_05135,12.0
TEST_05136,10.0
TEST_05137,10.0
TEST_05138,10.0
TEST_05139,8.0
TEST_05140,11.0
TEST_05141,11.0
TEST_05142,15.0
TEST_05143,14.0
TEST_05144,11.0
TEST_05145,10.0
TEST_05146,10.0
TEST_05147,11.0
TEST_05148,10.0
TEST_05149,11.0
TEST_05150,11.0
TEST_05151,10.0
TEST_05152,10.0
TEST_05153,6.0
TEST_05154,7.0
TEST_05155,8.0
TEST_05156,10.0
TEST_05157,11.0
TEST_05158,21.0
TEST_05159,13.0
TEST_05160,11.0
TEST_05161,11.0
TEST_05162,11.0
TEST_05163,10.0
TEST_05164,10.0
TEST_05165,9.0
TEST_05166,2.0
TEST_05167,18.0
TEST_05168,11.0
TEST_05169,11.0
TEST_05170,10.0
TEST_05171,11.0
TEST_05172,10.0
TEST_05173,9.0
TEST_05174,11.0
TEST_05175,10.0
TEST_05176,10.0
TEST_05177,2.0
TEST_05178,10.0
TEST_05179,11.0
TEST_05180,11.0
TEST_05181,16.0
TEST_05182,10.0
TEST_05183,8.0
TEST_05184,10.0
TEST_05185,9.0
TEST_05186,10.0
TEST_05187,9.0
TEST_05188,11.0
TEST_05189,10.0
TEST_05190,11.0
TEST_05191,10.0
TEST_05192,12.0
TEST_05193,17.0
TEST_05194,10.0
TEST_05195,16.0
TEST_05196,2.0
TEST_05197,15.0
TEST_05198,5.0
TEST_05199,10.0
TEST_05200,10.0
TEST_05201,10.0
TEST_05202,8.0
TEST_05203,10.0
TEST_05204,10.0
TEST_05205,10.0
TEST_05206,5.0
TEST_05207,10.0
TEST_05208,10.0
TEST_05209,11.0
TEST_05210,13.0
TEST_05211,10.0
TEST_05212,10.0
TEST_05213,10.0
TEST_05214,18.0
TEST_05215,15.0
TEST_05216,3.0
TEST_05217,11.0
TEST_05218,10.0
TEST_05219,10.0
TEST_05220,10.0
TEST_05221,10.0
TEST_05222,11.0
TEST_05223,10.0
TEST_05224,10.0
TEST_05225,11.0
TEST_05226,13.0
TEST_05227,11.0
TEST_05228,9.0
TEST_05229,5.0
TEST_05230,11.0
TEST_05231,10.0
TEST_05232,4.0
TEST_05233,11.0
TEST_05234,10.0
TEST_05235,10.0
TEST_05236,11.0
TEST_05237,11.0
TEST_05238,20.0
TEST_05239,15.0
TEST_05240,10.0
TEST_05241,8.0
TEST_05242,14.0
TEST_05243,9.0
TEST_05244,17.0
TEST_05245,10.0
TEST_05246,10.0
TEST_05247,10.0
TEST_05248,11.0
TEST_05249,10.0
TEST_05250,10.0
TEST_05251,11.0
TEST_05252,10.0
TEST_05253,10.0
TEST_05254,10.0
TEST_05255,10.0
TEST_05256,11.0
TEST_05257,10.0
TEST_05258,11.0
TEST_05259,19.0
TEST_05260,10.0
TEST_05261,11.0
TEST_05262,20.0
TEST_05263,10.0
TEST_05264,3.0
TEST_05265,18.0
TEST_05266,10.0
TEST_05267,10.0
TEST_05268,10.0
TEST_05269,10.0
TEST_05270,7.0
TEST_05271,12.0
TEST_05272,14.0
TEST_05273,10.0
TEST_05274,11.0
TEST_05275,14.0
TEST_05276,10.0
TEST_05277,3.0
TEST_05278,10.0
TEST_05279,3.0
TEST_05280,10.0
TEST_05281,17.0
TEST_05282,2.0
TEST_05283,11.0
TEST_05284,10.0
TEST_05285,10.0
TEST_05286,10.0
TEST_05287,7.0
TEST_05288,2.0
TEST_05289,10.0
TEST_05290,11.0
TEST_05291,11.0
TEST_05292,15.0
TEST_05293,5.0
TEST_05294,3.0
TEST_05295,9.0
TEST_05296,22.0
TEST_05297,14.0
TEST_05298,7.0
TEST_05299,11.0
TEST_05300,11.0
TEST_05301,21.0
TEST_05302,11.0
TEST_05303,11.0
TEST_05304,10.0
TEST_05305,11.0
TEST_05306,15.0
TEST_05307,11.0
TEST_05308,16.0
TEST_05309,15.0
TEST_05310,10.0
TEST_05311,10.0
TEST_05312,10.0
TEST_05313,10.0
TEST_05314,3.0
TEST_05315,11.0
TEST_05316,12.0
TEST_05317,9.0
TEST_05318,9.0
TEST_05319,10.0
TEST_05320,7.0
TEST_05321,10.0
TEST_05322,10.0
TEST_05323,11.0
TEST_05324,10.0
TEST_05325,10.0
TEST_05326,11.0
TEST_05327,15.0
TEST_05328,11.0
TEST_05329,10.0
TEST_05330,10.0
TEST_05331,10.0
TEST_05332,9.0
TEST_05333,10.0
TEST_05334,10.0
TEST_05335,10.0
TEST_05336,2.0
TEST_05337,11.0
TEST_05338,7.0
TEST_05339,10.0
TEST_05340,3.0
TEST_05341,12.0
TEST_05342,9.0
TEST_05343,11.0
TEST_05344,11.0
TEST_05345,6.0
TEST_05346,13.0
TEST_05347,13.0
TEST_05348,11.0
TEST_05349,10.0
TEST_05350,10.0
TEST_05351,1.0
TEST_05352,8.0
TEST_05353,12.0
TEST_05354,18.0
TEST_05355,10.0
TEST_05356,11.0
TEST_05357,10.0
TEST_05358,11.0
TEST_05359,10.0
TEST_05360,7.0
TEST_05361,10.0
TEST_05362,10.0
TEST_05363,10.0
TEST_05364,12.0
TEST_05365,2.0
TEST_05366,10.0
TEST_05367,11.0
TEST_05368,7.0
TEST_05369,9.0
TEST_05370,10.0
TEST_05371,17.0
TEST_05372,2.0
TEST_05373,11.0
TEST_05374,17.0
TEST_05375,11.0
TEST_05376,10.0
TEST_05377,12.0
TEST_05378,10.0
TEST_05379,17.0
TEST_05380,13.0
TEST_05381,10.0
TEST_05382,12.0
TEST_05383,10.0
TEST_05384,12.0
TEST_05385,9.0
TEST_05386,15.0
TEST_05387,11.0
TEST_05388,10.0
TEST_05389,8.0
TEST_05390,8.0
TEST_05391,13.0
TEST_05392,10.0
TEST_05393,11.0
TEST_05394,3.0
TEST_05395,9.0
TEST_05396,10.0
TEST_05397,18.0
TEST_05398,8.0
TEST_05399,11.0
TEST_05400,10.0
TEST_05401,10.0
TEST_05402,12.0
TEST_05403,11.0
TEST_05404,10.0
TEST_05405,3.0
TEST_05406,21.0
TEST_05407,11.0
TEST_05408,10.0
TEST_05409,10.0
TEST_05410,16.0
TEST_05411,10.0
TEST_05412,13.0
TEST_05413,17.0
TEST_05414,10.0
TEST_05415,11.0
TEST_05416,8.0
TEST_05417,11.0
TEST_05418,3.0
TEST_05419,10.0
TEST_05420,10.0
TEST_05421,2.0
TEST_05422,10.0
TEST_05423,10.0
TEST_05424,8.0
TEST_05425,9.0
TEST_05426,10.0
TEST_05427,10.0
TEST_05428,11.0
TEST_05429,11.0
TEST_05430,12.0
TEST_05431,11.0
TEST_05432,15.0
TEST_05433,11.0
TEST_05434,11.0
TEST_05435,14.0
TEST_05436,9.0
TEST_05437,10.0
TEST_05438,10.0
TEST_05439,10.0
TEST_05440,5.0
TEST_05441,11.0
TEST_05442,10.0
TEST_05443,14.0
TEST_05444,10.0
TEST_05445,9.0
TEST_05446,10.0
TEST_05447,2.0
TEST_05448,10.0
TEST_05449,10.0
TEST_05450,11.0
TEST_05451,2.0
TEST_05452,10.0
TEST_05453,12.0
TEST_05454,11.0
TEST_05455,10.0
TEST_05456,10.0
TEST_05457,14.0
TEST_05458,11.0
TEST_05459,10.0
TEST_05460,10.0
TEST_05461,10.0
TEST_05462,17.0
TEST_05463,11.0
TEST_05464,11.0
TEST_05465,11.0
TEST_05466,10.0
TEST_05467,11.0
TEST_05468,11.0
TEST_05469,11.0
TEST_05470,10.0
TEST_05471,5.0
TEST_05472,11.0
TEST_05473,11.0
TEST_05474,11.0
TEST_05475,10.0
TEST_05476,11.0
TEST_05477,11.0
TEST_05478,11.0
TEST_05479,16.0
TEST_05480,10.0
TEST_05481,10.0
TEST_05482,12.0
TEST_05483,10.0
TEST_05484,10.0
TEST_05485,11.0
TEST_05486,11.0
TEST_05487,10.0
TEST_05488,11.0
TEST_05489,10.0
TEST_05490,10.0
TEST_05491,11.0
TEST_05492,8.0
TEST_05493,17.0
TEST_05494,9.0
TEST_05495,11.0
TEST_05496,11.0
TEST_05497,10.0
TEST_05498,7.0
TEST_05499,13.0
TEST_05500,10.0
TEST_05501,11.0
TEST_05502,10.0
TEST_05503,10.0
TEST_05504,10.0
TEST_05505,10.0
TEST_05506,5.0
TEST_05507,10.0
TEST_05508,11.0
TEST_05509,10.0
TEST_05510,10.0
TEST_05511,10.0
TEST_05512,10.0
TEST_05513,7.0
TEST_05514,11.0
TEST_05515,10.0
TEST_05516,11.0
TEST_05517,2.0
TEST_05518,16.0
TEST_05519,10.0
TEST_05520,10.0
TEST_05521,14.0
TEST_05522,10.0
TEST_05523,9.0
TEST_05524,10.0
TEST_05525,11.0
TEST_05526,7.0
TEST_05527,10.0
TEST_05528,11.0
TEST_05529,9.0
TEST_05530,11.0
TEST_05531,16.0
TEST_05532,10.0
TEST_05533,3.0
TEST_05534,10.0
TEST_05535,10.0
TEST_05536,11.0
TEST_05537,11.0
TEST_05538,3.0
TEST_05539,10.0
TEST_05540,7.0
TEST_05541,14.0
TEST_05542,10.0
TEST_05543,2.0
TEST_05544,10.0
TEST_05545,10.0
TEST_05546,11.0
TEST_05547,10.0
TEST_05548,11.0
TEST_05549,11.0
TEST_05550,10.0
TEST_05551,11.0
TEST_05552,11.0
TEST_05553,4.0
TEST_05554,10.0
TEST_05555,11.0
TEST_05556,11.0
TEST_05557,1.0
TEST_05558,11.0
TEST_05559,11.0
TEST_05560,10.0
TEST_05561,11.0
TEST_05562,11.0
TEST_05563,7.0
TEST_05564,7.0
TEST_05565,11.0
TEST_05566,19.0
TEST_05567,11.0
TEST_05568,10.0
TEST_05569,11.0
TEST_05570,10.0
TEST_05571,10.0
TEST_05572,6.0
TEST_05573,6.0
TEST_05574,10.0
TEST_05575,11.0
TEST_05576,11.0
TEST_05577,14.0
TEST_05578,8.0
TEST_05579,11.0
TEST_05580,11.0
TEST_05581,11.0
TEST_05582,10.0
TEST_05583,11.0
TEST_05584,11.0
TEST_05585,10.0
TEST_05586,13.0
TEST_05587,12.0
TEST_05588,3.0
TEST_05589,10.0
TEST_05590,10.0
TEST_05591,11.0
TEST_05592,10.0
TEST_05593,9.0
TEST_05594,9.0
TEST_05595,11.0
TEST_05596,11.0
TEST_05597,13.0
TEST_05598,10.0
TEST_05599,1.0
TEST_05600,11.0
TEST_05601,15.0
TEST_05602,10.0
TEST_05603,8.0
TEST_05604,11.0
TEST_05605,10.0
TEST_05606,11.0
TEST_05607,10.0
TEST_05608,4.0
TEST_05609,16.0
TEST_05610,12.0
TEST_05611,10.0
TEST_05612,10.0
TEST_05613,7.0
TEST_05614,11.0
TEST_05615,3.0
TEST_05616,6.0
TEST_05617,11.0
TEST_05618,11.0
TEST_05619,11.0
TEST_05620,11.0
TEST_05621,10.0
TEST_05622,11.0
TEST_05623,9.0
TEST_05624,13.0
TEST_05625,10.0
TEST_05626,11.0
TEST_05627,9.0
TEST_05628,1.0
TEST_05629,11.0
TEST_05630,10.0
TEST_05631,19.0
TEST_05632,11.0
TEST_05633,11.0
TEST_05634,10.0
TEST_05635,9.0
TEST_05636,11.0
TEST_05637,10.0
TEST_05638,9.0
TEST_05639,1.0
TEST_05640,11.0
TEST_05641,21.0
TEST_05642,13.0
TEST_05643,11.0
TEST_05644,10.0
TEST_05645,10.0
TEST_05646,10.0
TEST_05647,5.0
TEST_05648,8.0
TEST_05649,1.0
TEST_05650,10.0
TEST_05651,16.0
TEST_05652,9.0
TEST_05653,10.0
TEST_05654,11.0
TEST_05655,10.0
TEST_05656,10.0
TEST_05657,12.0
TEST_05658,18.0
TEST_05659,11.0
TEST_05660,10.0
TEST_05661,18.0
TEST_05662,11.0
TEST_05663,6.0
TEST_05664,16.0
TEST_05665,10.0
TEST_05666,10.0
TEST_05667,10.0
TEST_05668,10.0
TEST_05669,11.0
TEST_05670,10.0
TEST_05671,4.0
TEST_05672,10.0
TEST_05673,11.0
TEST_05674,16.0
TEST_05675,2.0
TEST_05676,11.0
TEST_05677,8.0
TEST_05678,5.0
TEST_05679,10.0
TEST_05680,11.0
TEST_05681,11.0
TEST_05682,11.0
TEST_05683,10.0
TEST_05684,3.0
TEST_05685,11.0
TEST_05686,11.0
TEST_05687,10.0
TEST_05688,11.0
TEST_05689,10.0
TEST_05690,11.0
TEST_05691,7.0
TEST_05692,7.0
TEST_05693,6.0
TEST_05694,10.0
TEST_05695,5.0
TEST_05696,10.0
TEST_05697,4.0
TEST_05698,11.0
TEST_05699,9.0
TEST_05700,2.0
TEST_05701,10.0
TEST_05702,7.0
TEST_05703,11.0
TEST_05704,10.0
TEST_05705,11.0
TEST_05706,11.0
TEST_05707,10.0
TEST_05708,10.0
TEST_05709,9.0
TEST_05710,10.0
TEST_05711,10.0
TEST_05712,12.0
TEST_05713,10.0
TEST_05714,10.0
TEST_05715,10.0
TEST_05716,14.0
TEST_05717,10.0
TEST_05718,12.0
TEST_05719,11.0
TEST_05720,10.0
TEST_05721,10.0
TEST_05722,10.0
TEST_05723,10.0
TEST_05724,8.0
TEST_05725,10.0
TEST_05726,10.0
TEST_05727,7.0
TEST_05728,10.0
TEST_05729,10.0
TEST_05730,11.0
TEST_05731,10.0
TEST_05732,10.0
TEST_05733,11.0
TEST_05734,10.0
TEST_05735,10.0
TEST_05736,10.0
TEST_05737,5.0
TEST_05738,11.0
TEST_05739,11.0
TEST_05740,3.0
TEST_05741,11.0
TEST_05742,9.0
TEST_05743,11.0
TEST_05744,10.0
TEST_05745,2.0
TEST_05746,10.0
TEST_05747,10.0
TEST_05748,10.0
TEST_05749,10.0
TEST_05750,14.0
TEST_05751,10.0
TEST_05752,8.0
TEST_05753,11.0
TEST_05754,14.0
TEST_05755,11.0
TEST_05756,14.0
TEST_05757,12.0
TEST_05758,7.0
TEST_05759,10.0
TEST_05760,17.0
TEST_05761,10.0
TEST_05762,10.0
TEST_05763,11.0
TEST_05764,10.0
TEST_05765,7.0
TEST_05766,11.0
TEST_05767,11.0
TEST_05768,11.0
TEST_05769,10.0
TEST_05770,15.0
TEST_05771,9.0
TEST_05772,8.0
TEST_05773,5.0
TEST_05774,11.0
TEST_05775,11.0
TEST_05776,12.0
TEST_05777,3.0
TEST_05778,10.0
TEST_05779,11.0
TEST_05780,9.0
TEST_05781,10.0
TEST_05782,11.0
TEST_05783,11.0
TEST_05784,13.0
TEST_05785,6.0
TEST_05786,11.0
TEST_05787,10.0
TEST_05788,11.0
TEST_05789,11.0
TEST_05790,10.0
TEST_05791,10.0
TEST_05792,12.0
TEST_05793,11.0
TEST_05794,11.0
TEST_05795,10.0
TEST_05796,10.0
TEST_05797,12.0
TEST_05798,10.0
TEST_05799,10.0
TEST_05800,10.0
TEST_05801,10.0
TEST_05802,11.0
TEST_05803,11.0
TEST_05804,10.0
TEST_05805,8.0
TEST_05806,17.0
TEST_05807,10.0
TEST_05808,10.0
TEST_05809,10.0
TEST_05810,10.0
TEST_05811,10.0
TEST_05812,10.0
TEST_05813,11.0
TEST_05814,3.0
TEST_05815,10.0
TEST_05816,7.0
TEST_05817,11.0
TEST_05818,11.0
TEST_05819,11.0
TEST_05820,10.0
TEST_05821,10.0
TEST_05822,14.0
TEST_05823,11.0
TEST_05824,10.0
TEST_05825,8.0
TEST_05826,20.0
TEST_05827,11.0
TEST_05828,12.0
TEST_05829,11.0
TEST_05830,11.0
TEST_05831,10.0
TEST_05832,5.0
TEST_05833,1.0
TEST_05834,10.0
TEST_05835,11.0
TEST_05836,10.0
TEST_05837,10.0
TEST_05838,10.0
TEST_05839,11.0
TEST_05840,10.0
TEST_05841,8.0
TEST_05842,11.0
TEST_05843,11.0
TEST_05844,12.0
TEST_05845,11.0
TEST_05846,10.0
TEST_05847,11.0
TEST_05848,10.0
TEST_05849,11.0
TEST_05850,7.0
TEST_05851,19.0
TEST_05852,10.0
TEST_05853,12.0
TEST_05854,9.0
TEST_05855,10.0
TEST_05856,2.0
TEST_05857,10.0
TEST_05858,11.0
TEST_05859,10.0
TEST_05860,11.0
TEST_05861,10.0
TEST_05862,12.0
TEST_05863,12.0
TEST_05864,11.0
TEST_05865,9.0
TEST_05866,11.0
TEST_05867,10.0
TEST_05868,10.0
TEST_05869,11.0
TEST_05870,11.0
TEST_05871,5.0
TEST_05872,10.0
TEST_05873,15.0
TEST_05874,2.0
TEST_05875,10.0
TEST_05876,10.0
TEST_05877,10.0
TEST_05878,12.0
TEST_05879,2.0
TEST_05880,1.0
TEST_05881,2.0
TEST_05882,10.0
TEST_05883,10.0
TEST_05884,10.0
TEST_05885,6.0
TEST_05886,13.0
TEST_05887,11.0
TEST_05888,12.0
TEST_05889,3.0
TEST_05890,11.0
TEST_05891,12.0
TEST_05892,15.0
TEST_05893,13.0
TEST_05894,10.0
TEST_05895,10.0
TEST_05896,11.0
TEST_05897,11.0
TEST_05898,10.0
TEST_05899,20.0
TEST_05900,20.0
TEST_05901,12.0
TEST_05902,1.0
TEST_05903,11.0
TEST_05904,11.0
TEST_05905,11.0
TEST_05906,14.0
TEST_05907,11.0
TEST_05908,11.0
TEST_05909,10.0
TEST_05910,9.0
TEST_05911,11.0
TEST_05912,2.0
TEST_05913,10.0
TEST_05914,2.0
TEST_05915,10.0
TEST_05916,4.0
TEST_05917,10.0
TEST_05918,12.0
TEST_05919,10.0
TEST_05920,10.0
TEST_05921,11.0
TEST_05922,11.0
TEST_05923,9.0
TEST_05924,12.0
TEST_05925,10.0
TEST_05926,11.0
TEST_05927,12.0
TEST_05928,11.0
TEST_05929,11.0
TEST_05930,11.0
TEST_05931,10.0
TEST_05932,8.0
TEST_05933,2.0
TEST_05934,11.0
TEST_05935,11.0
TEST_05936,9.0
TEST_05937,11.0
TEST_05938,11.0
TEST_05939,11.0
TEST_05940,10.0
TEST_05941,11.0
TEST_05942,11.0
TEST_05943,10.0
TEST_05944,3.0
TEST_05945,11.0
TEST_05946,11.0
TEST_05947,12.0
TEST_05948,11.0
TEST_05949,10.0
TEST_05950,11.0
TEST_05951,11.0
TEST_05952,1.0
TEST_05953,2.0
TEST_05954,11.0
TEST_05955,11.0
TEST_05956,2.0
TEST_05957,10.0
TEST_05958,9.0
TEST_05959,13.0
TEST_05960,11.0
TEST_05961,10.0
TEST_05962,9.0
TEST_05963,11.0
TEST_05964,10.0
TEST_05965,8.0
TEST_05966,10.0
TEST_05967,10.0
TEST_05968,7.0
TEST_05969,7.0
TEST_05970,10.0
TEST_05971,3.0
TEST_05972,10.0
TEST_05973,11.0
TEST_05974,10.0
TEST_05975,10.0
TEST_05976,5.0
TEST_05977,11.0
TEST_05978,11.0
TEST_05979,9.0
TEST_05980,12.0
TEST_05981,11.0
TEST_05982,11.0
TEST_05983,11.0
TEST_05984,10.0
TEST_05985,2.0
TEST_05986,10.0
TEST_05987,13.0
TEST_05988,10.0
TEST_05989,11.0
TEST_05990,15.0
TEST_05991,11.0
TEST_05992,10.0
TEST_05993,10.0
TEST_05994,11.0
TEST_05995,11.0
TEST_05996,11.0
TEST_05997,19.0
TEST_05998,17.0
TEST_05999,11.0
TEST_06000,15.0
TEST_06001,2.0
TEST_06002,10.0
TEST_06003,10.0
TEST_06004,6.0
TEST_06005,1.0
TEST_06006,3.0
TEST_06007,10.0
TEST_06008,10.0
TEST_06009,11.0
TEST_06010,17.0
TEST_06011,10.0
TEST_06012,10.0
TEST_06013,10.0
TEST_06014,8.0
TEST_06015,11.0
TEST_06016,11.0
TEST_06017,11.0
TEST_06018,11.0
TEST_06019,3.0
TEST_06020,8.0
TEST_06021,1.0
TEST_06022,11.0
TEST_06023,8.0
TEST_06024,11.0
TEST_06025,3.0
TEST_06026,10.0
TEST_06027,10.0
TEST_06028,10.0
TEST_06029,10.0
TEST_06030,10.0
TEST_06031,10.0
TEST_06032,10.0
TEST_06033,10.0
TEST_06034,11.0
TEST_06035,10.0
TEST_06036,2.0
TEST_06037,10.0
TEST_06038,21.0
TEST_06039,10.0
TEST_06040,3.0
TEST_06041,12.0
TEST_06042,10.0
TEST_06043,10.0
TEST_06044,10.0
TEST_06045,11.0
TEST_06046,10.0
TEST_06047,10.0
TEST_06048,10.0
TEST_06049,11.0
TEST_06050,11.0
TEST_06051,11.0
TEST_06052,10.0
TEST_06053,11.0
TEST_06054,11.0
TEST_06055,10.0
TEST_06056,11.0
TEST_06057,11.0
TEST_06058,10.0
TEST_06059,11.0
TEST_06060,1.0
TEST_06061,5.0
TEST_06062,10.0
TEST_06063,11.0
TEST_06064,4.0
TEST_06065,11.0
TEST_06066,10.0
TEST_06067,7.0
TEST_06068,11.0
TEST_06069,11.0
TEST_06070,11.0
TEST_06071,10.0
TEST_06072,10.0
TEST_06073,8.0
TEST_06074,11.0
TEST_06075,8.0
TEST_06076,19.0
TEST_06077,9.0
TEST_06078,11.0
TEST_06079,10.0
TEST_06080,7.0
TEST_06081,20.0
TEST_06082,16.0
TEST_06083,10.0
TEST_06084,10.0
TEST_06085,11.0
TEST_06086,20.0
TEST_06087,10.0
TEST_06088,9.0
TEST_06089,3.0
TEST_06090,11.0
TEST_06091,11.0
TEST_06092,11.0
TEST_06093,11.0
TEST_06094,3.0
TEST_06095,10.0
TEST_06096,10.0
TEST_06097,11.0
TEST_06098,10.0
TEST_06099,10.0
TEST_06100,4.0
TEST_06101,11.0
TEST_06102,10.0
TEST_06103,3.0
TEST_06104,7.0
TEST_06105,11.0
TEST_06106,11.0
TEST_06107,11.0
TEST_06108,11.0
TEST_06109,11.0
TEST_06110,10.0
TEST_06111,10.0
TEST_06112,12.0
TEST_06113,11.0
TEST_06114,3.0
TEST_06115,9.0
TEST_06116,11.0
TEST_06117,3.0
TEST_06118,7.0
TEST_06119,10.0
TEST_06120,9.0
TEST_06121,18.0
TEST_06122,10.0
TEST_06123,12.0
TEST_06124,3.0
TEST_06125,11.0
TEST_06126,10.0
TEST_06127,5.0
TEST_06128,12.0
TEST_06129,10.0
TEST_06130,13.0
TEST_06131,7.0
TEST_06132,10.0
TEST_06133,10.0
TEST_06134,10.0
TEST_06135,25.0
TEST_06136,11.0
TEST_06137,8.0
TEST_06138,10.0
TEST_06139,10.0
TEST_06140,8.0
TEST_06141,11.0
TEST_06142,10.0
TEST_06143,9.0
TEST_06144,10.0
TEST_06145,11.0
TEST_06146,10.0
TEST_06147,10.0
TEST_06148,11.0
TEST_06149,10.0
TEST_06150,11.0
TEST_06151,11.0
TEST_06152,10.0
TEST_06153,11.0
TEST_06154,10.0
TEST_06155,10.0
TEST_06156,9.0
TEST_06157,8.0
TEST_06158,16.0
TEST_06159,10.0
TEST_06160,11.0
TEST_06161,10.0
TEST_06162,19.0
TEST_06163,9.0
TEST_06164,6.0
TEST_06165,11.0
TEST_06166,11.0
TEST_06167,14.0
TEST_06168,3.0
TEST_06169,16.0
TEST_06170,10.0
TEST_06171,11.0
TEST_06172,12.0
TEST_06173,13.0
TEST_06174,6.0
TEST_06175,13.0
TEST_06176,7.0
TEST_06177,13.0
TEST_06178,10.0
TEST_06179,10.0
TEST_06180,11.0
TEST_06181,13.0
TEST_06182,11.0
TEST_06183,18.0
TEST_06184,10.0
TEST_06185,10.0
TEST_06186,1.0
TEST_06187,1.0
TEST_06188,9.0
TEST_06189,2.0
TEST_06190,10.0
TEST_06191,11.0
TEST_06192,10.0
TEST_06193,10.0
TEST_06194,13.0
TEST_06195,2.0
TEST_06196,10.0
TEST_06197,9.0
TEST_06198,11.0
TEST_06199,10.0
TEST_06200,15.0
TEST_06201,2.0
TEST_06202,9.0
TEST_06203,10.0
TEST_06204,10.0
TEST_06205,12.0
TEST_06206,17.0
TEST_06207,15.0
TEST_06208,1.0
TEST_06209,10.0
TEST_06210,10.0
TEST_06211,7.0
TEST_06212,3.0
TEST_06213,10.0
TEST_06214,16.0
TEST_06215,10.0
TEST_06216,6.0
TEST_06217,4.0
TEST_06218,16.0
TEST_06219,11.0
TEST_06220,10.0
TEST_06221,18.0
TEST_06222,11.0
TEST_06223,11.0
TEST_06224,10.0
TEST_06225,2.0
TEST_06226,14.0
TEST_06227,10.0
TEST_06228,13.0
TEST_06229,6.0
TEST_06230,10.0
TEST_06231,1.0
TEST_06232,9.0
TEST_06233,19.0
TEST_06234,5.0
TEST_06235,7.0
TEST_06236,11.0
TEST_06237,2.0
TEST_06238,8.0
TEST_06239,10.0
TEST_06240,10.0
TEST_06241,8.0
TEST_06242,10.0
TEST_06243,10.0
TEST_06244,11.0
TEST_06245,8.0
TEST_06246,10.0
TEST_06247,12.0
TEST_06248,5.0
TEST_06249,10.0
TEST_06250,11.0
TEST_06251,1.0
TEST_06252,20.0
TEST_06253,10.0
TEST_06254,10.0
TEST_06255,11.0
TEST_06256,10.0
TEST_06257,17.0
TEST_06258,10.0
TEST_06259,10.0
TEST_06260,12.0
TEST_06261,11.0
TEST_06262,1.0
TEST_06263,10.0
TEST_06264,11.0
TEST_06265,16.0
TEST_06266,10.0
TEST_06267,11.0
TEST_06268,11.0
TEST_06269,8.0
TEST_06270,10.0
TEST_06271,11.0
TEST_06272,10.0
TEST_06273,6.0
TEST_06274,8.0
TEST_06275,10.0
TEST_06276,10.0
TEST_06277,11.0
TEST_06278,11.0
TEST_06279,11.0
TEST_06280,14.0
TEST_06281,8.0
TEST_06282,10.0
TEST_06283,9.0
TEST_06284,3.0
TEST_06285,5.0
TEST_06286,11.0
TEST_06287,11.0
TEST_06288,11.0
TEST_06289,11.0
TEST_06290,3.0
TEST_06291,10.0
TEST_06292,10.0
TEST_06293,12.0
TEST_06294,8.0
TEST_06295,10.0
TEST_06296,10.0
TEST_06297,11.0
TEST_06298,10.0
TEST_06299,13.0
TEST_06300,10.0
TEST_06301,12.0
TEST_06302,11.0
TEST_06303,10.0
TEST_06304,10.0
TEST_06305,3.0
TEST_06306,10.0
TEST_06307,10.0
TEST_06308,15.0
TEST_06309,10.0
TEST_06310,10.0
TEST_06311,10.0
TEST_06312,10.0
TEST_06313,10.0
TEST_06314,9.0
TEST_06315,3.0
TEST_06316,3.0
TEST_06317,8.0
TEST_06318,11.0
TEST_06319,3.0
TEST_06320,10.0
TEST_06321,11.0
TEST_06322,10.0
TEST_06323,10.0
TEST_06324,10.0
TEST_06325,11.0
TEST_06326,10.0
TEST_06327,4.0
TEST_06328,11.0
TEST_06329,10.0
TEST_06330,10.0
TEST_06331,11.0
TEST_06332,11.0
TEST_06333,7.0
TEST_06334,9.0
TEST_06335,10.0
TEST_06336,10.0
TEST_06337,10.0
TEST_06338,10.0
TEST_06339,11.0
TEST_06340,12.0
TEST_06341,10.0
TEST_06342,10.0
TEST_06343,9.0
TEST_06344,11.0
TEST_06345,10.0
TEST_06346,12.0
TEST_06347,11.0
TEST_06348,10.0
TEST_06349,18.0
TEST_06350,1.0
TEST_06351,3.0
TEST_06352,11.0
TEST_06353,10.0
TEST_06354,10.0
TEST_06355,12.0
TEST_06356,11.0
TEST_06357,9.0
TEST_06358,10.0
TEST_06359,10.0
TEST_06360,3.0
TEST_06361,16.0
TEST_06362,10.0
TEST_06363,13.0
TEST_06364,3.0
TEST_06365,9.0
TEST_06366,10.0
TEST_06367,10.0
TEST_06368,11.0
TEST_06369,11.0
TEST_06370,10.0
TEST_06371,10.0
TEST_06372,2.0
TEST_06373,11.0
TEST_06374,8.0
TEST_06375,11.0
TEST_06376,22.0
TEST_06377,11.0
TEST_06378,20.0
TEST_06379,11.0
TEST_06380,10.0
TEST_06381,9.0
TEST_06382,11.0
TEST_06383,11.0
TEST_06384,10.0
TEST_06385,10.0
TEST_06386,10.0
TEST_06387,10.0
TEST_06388,2.0
TEST_06389,10.0
TEST_06390,10.0
TEST_06391,10.0
TEST_06392,14.0
TEST_06393,3.0
TEST_06394,11.0
TEST_06395,11.0
TEST_06396,3.0
TEST_06397,11.0
TEST_06398,10.0
TEST_06399,9.0
TEST_06400,10.0
TEST_06401,12.0
TEST_06402,10.0
TEST_06403,11.0
TEST_06404,8.0
TEST_06405,10.0
TEST_06406,10.0
TEST_06407,10.0
TEST_06408,10.0
TEST_06409,10.0
TEST_06410,11.0
TEST_06411,11.0
TEST_06412,5.0
TEST_06413,10.0
TEST_06414,10.0
TEST_06415,11.0
TEST_06416,11.0
TEST_06417,12.0
TEST_06418,11.0
TEST_06419,7.0
TEST_06420,11.0
TEST_06421,10.0
TEST_06422,20.0
TEST_06423,3.0
TEST_06424,10.0
TEST_06425,11.0
TEST_06426,11.0
TEST_06427,10.0
TEST_06428,10.0
TEST_06429,10.0
TEST_06430,10.0
TEST_06431,10.0
TEST_06432,10.0
TEST_06433,12.0
TEST_06434,11.0
TEST_06435,11.0
TEST_06436,7.0
TEST_06437,12.0
TEST_06438,11.0
TEST_06439,16.0
TEST_06440,10.0
TEST_06441,7.0
TEST_06442,10.0
TEST_06443,10.0
TEST_06444,12.0
TEST_06445,12.0
TEST_06446,11.0
TEST_06447,11.0
TEST_06448,7.0
TEST_06449,15.0
TEST_06450,9.0
TEST_06451,9.0
TEST_06452,10.0
TEST_06453,11.0
TEST_06454,3.0
TEST_06455,10.0
TEST_06456,11.0
TEST_06457,10.0
TEST_06458,10.0
TEST_06459,10.0
TEST_06460,10.0
TEST_06461,10.0
TEST_06462,10.0
TEST_06463,8.0
TEST_06464,10.0
TEST_06465,11.0
TEST_06466,11.0
TEST_06467,10.0
TEST_06468,12.0
TEST_06469,2.0
TEST_06470,11.0
TEST_06471,10.0
TEST_06472,4.0
TEST_06473,10.0
TEST_06474,10.0
TEST_06475,3.0
TEST_06476,8.0
TEST_06477,11.0
TEST_06478,10.0
TEST_06479,9.0
TEST_06480,10.0
TEST_06481,10.0
TEST_06482,11.0
TEST_06483,10.0
TEST_06484,10.0
TEST_06485,10.0
TEST_06486,11.0
TEST_06487,10.0
TEST_06488,10.0
TEST_06489,11.0
TEST_06490,11.0
TEST_06491,10.0
TEST_06492,10.0
TEST_06493,15.0
TEST_06494,8.0
TEST_06495,10.0
TEST_06496,10.0
TEST_06497,3.0
TEST_06498,9.0
TEST_06499,16.0
TEST_06500,11.0
TEST_06501,13.0
TEST_06502,19.0
TEST_06503,10.0
TEST_06504,2.0
TEST_06505,11.0
TEST_06506,10.0
TEST_06507,10.0
TEST_06508,11.0
TEST_06509,11.0
TEST_06510,10.0
TEST_06511,10.0
TEST_06512,10.0
TEST_06513,11.0
TEST_06514,8.0
TEST_06515,11.0
TEST_06516,8.0
TEST_06517,11.0
TEST_06518,7.0
TEST_06519,10.0
TEST_06520,10.0
TEST_06521,11.0
TEST_06522,11.0
TEST_06523,13.0
TEST_06524,2.0
TEST_06525,2.0
TEST_06526,11.0
TEST_06527,12.0
TEST_06528,8.0
TEST_06529,12.0
TEST_06530,11.0
TEST_06531,10.0
TEST_06532,2.0
TEST_06533,10.0
TEST_06534,10.0
TEST_06535,10.0
TEST_06536,10.0
TEST_06537,11.0
TEST_06538,17.0
TEST_06539,10.0
TEST_06540,10.0
TEST_06541,10.0
TEST_06542,11.0
TEST_06543,3.0
TEST_06544,1.0
TEST_06545,11.0
TEST_06546,12.0
TEST_06547,11.0
TEST_06548,1.0
TEST_06549,2.0
TEST_06550,12.0
TEST_06551,12.0
TEST_06552,9.0
TEST_06553,10.0
TEST_06554,13.0
TEST_06555,10.0
TEST_06556,11.0
TEST_06557,10.0
TEST_06558,10.0
TEST_06559,2.0
TEST_06560,18.0
TEST_06561,11.0
TEST_06562,14.0
TEST_06563,10.0
TEST_06564,11.0
TEST_06565,10.0
TEST_06566,10.0
TEST_06567,11.0
TEST_06568,9.0
TEST_06569,10.0
TEST_06570,11.0
TEST_06571,10.0
TEST_06572,10.0
TEST_06573,10.0
TEST_06574,13.0
TEST_06575,11.0
TEST_06576,10.0
TEST_06577,17.0
TEST_06578,10.0
TEST_06579,12.0
TEST_06580,10.0
TEST_06581,11.0
TEST_06582,11.0
TEST_06583,14.0
TEST_06584,11.0
TEST_06585,9.0
TEST_06586,11.0
TEST_06587,10.0
TEST_06588,11.0
TEST_06589,8.0
TEST_06590,9.0
TEST_06591,10.0
TEST_06592,11.0
TEST_06593,11.0
TEST_06594,1.0
TEST_06595,11.0
TEST_06596,10.0
TEST_06597,10.0
TEST_06598,10.0
TEST_06599,5.0
TEST_06600,11.0
TEST_06601,15.0
TEST_06602,10.0
TEST_06603,11.0
TEST_06604,4.0
TEST_06605,10.0
TEST_06606,10.0
TEST_06607,11.0
TEST_06608,3.0
TEST_06609,11.0
TEST_06610,11.0
TEST_06611,13.0
TEST_06612,11.0
TEST_06613,10.0
TEST_06614,15.0
TEST_06615,11.0
TEST_06616,10.0
TEST_06617,9.0
TEST_06618,10.0
TEST_06619,11.0
TEST_06620,15.0
TEST_06621,11.0
TEST_06622,10.0
TEST_06623,7.0
TEST_06624,10.0
TEST_06625,5.0
TEST_06626,11.0
TEST_06627,18.0
TEST_06628,2.0
TEST_06629,11.0
TEST_06630,3.0
TEST_06631,16.0
TEST_06632,15.0
TEST_06633,5.0
TEST_06634,2.0
TEST_06635,11.0
TEST_06636,11.0
TEST_06637,5.0
TEST_06638,8.0
TEST_06639,3.0
TEST_06640,12.0
TEST_06641,7.0
TEST_06642,10.0
TEST_06643,10.0
TEST_06644,11.0
TEST_06645,12.0
TEST_06646,5.0
TEST_06647,10.0
TEST_06648,11.0
TEST_06649,10.0
TEST_06650,11.0
TEST_06651,10.0
TEST_06652,11.0
TEST_06653,11.0
TEST_06654,10.0
TEST_06655,12.0
TEST_06656,11.0
TEST_06657,10.0
TEST_06658,15.0
TEST_06659,10.0
TEST_06660,11.0
TEST_06661,17.0
TEST_06662,12.0
TEST_06663,9.0
TEST_06664,3.0
TEST_06665,11.0
TEST_06666,10.0
TEST_06667,11.0
TEST_06668,10.0
TEST_06669,11.0
TEST_06670,10.0
TEST_06671,18.0
TEST_06672,10.0
TEST_06673,10.0
TEST_06674,12.0
TEST_06675,7.0
TEST_06676,10.0
TEST_06677,15.0
TEST_06678,11.0
TEST_06679,10.0
TEST_06680,11.0
TEST_06681,11.0
TEST_06682,10.0
TEST_06683,10.0
TEST_06684,11.0
TEST_06685,8.0
TEST_06686,3.0
TEST_06687,10.0
TEST_06688,9.0
TEST_06689,8.0
TEST_06690,11.0
TEST_06691,11.0
TEST_06692,15.0
TEST_06693,11.0
TEST_06694,9.0
TEST_06695,10.0
TEST_06696,10.0
TEST_06697,10.0
TEST_06698,12.0
TEST_06699,10.0
TEST_06700,14.0
TEST_06701,11.0
TEST_06702,10.0
TEST_06703,11.0
TEST_06704,9.0
TEST_06705,12.0
TEST_06706,14.0
TEST_06707,11.0
TEST_06708,10.0
TEST_06709,10.0
TEST_06710,11.0
TEST_06711,10.0
TEST_06712,11.0
TEST_06713,8.0
TEST_06714,10.0
TEST_06715,8.0
TEST_06716,10.0
TEST_06717,11.0
TEST_06718,17.0
TEST_06719,10.0
TEST_06720,10.0
TEST_06721,16.0
TEST_06722,8.0
TEST_06723,11.0
TEST_06724,10.0
TEST_06725,10.0
TEST_06726,9.0
TEST_06727,10.0
TEST_06728,10.0
TEST_06729,12.0
TEST_06730,11.0
TEST_06731,3.0
TEST_06732,10.0
TEST_06733,10.0
TEST_06734,11.0
TEST_06735,11.0
TEST_06736,10.0
TEST_06737,1.0
TEST_06738,17.0
TEST_06739,19.0
TEST_06740,11.0
TEST_06741,8.0
TEST_06742,2.0
TEST_06743,10.0
TEST_06744,10.0
TEST_06745,1.0
TEST_06746,11.0
TEST_06747,11.0
TEST_06748,10.0
TEST_06749,11.0
TEST_06750,10.0
TEST_06751,8.0
TEST_06752,7.0
TEST_06753,10.0
TEST_06754,11.0
TEST_06755,13.0
TEST_06756,11.0
TEST_06757,10.0
TEST_06758,16.0
TEST_06759,8.0
TEST_06760,12.0
TEST_06761,14.0
TEST_06762,11.0
TEST_06763,10.0
TEST_06764,10.0
TEST_06765,10.0
TEST_06766,12.0
TEST_06767,15.0
TEST_06768,12.0
TEST_06769,2.0
TEST_06770,10.0
TEST_06771,12.0
TEST_06772,11.0
TEST_06773,5.0
TEST_06774,10.0
TEST_06775,11.0
TEST_06776,12.0
TEST_06777,6.0
TEST_06778,11.0
TEST_06779,2.0
TEST_06780,12.0
TEST_06781,10.0
TEST_06782,11.0
TEST_06783,8.0
TEST_06784,10.0
TEST_06785,9.0
TEST_06786,21.0
TEST_06787,8.0
TEST_06788,11.0
TEST_06789,7.0
TEST_06790,10.0
TEST_06791,9.0
TEST_06792,10.0
TEST_06793,11.0
TEST_06794,11.0
TEST_06795,11.0
TEST_06796,10.0
TEST_06797,10.0
TEST_06798,10.0
TEST_06799,11.0
TEST_06800,11.0
TEST_06801,10.0
TEST_06802,10.0
TEST_06803,8.0
TEST_06804,10.0
TEST_06805,10.0
TEST_06806,11.0
TEST_06807,10.0
TEST_06808,10.0
TEST_06809,8.0
TEST_06810,11.0
TEST_06811,10.0
TEST_06812,11.0
TEST_06813,10.0
TEST_06814,10.0
TEST_06815,10.0
TEST_06816,9.0
TEST_06817,14.0
TEST_06818,9.0
TEST_06819,4.0
TEST_06820,10.0
TEST_06821,9.0
TEST_06822,13.0
TEST_06823,10.0
TEST_06824,12.0
TEST_06825,5.0
TEST_06826,9.0
TEST_06827,10.0
TEST_06828,12.0
TEST_06829,11.0
TEST_06830,11.0
TEST_06831,3.0
TEST_06832,2.0
TEST_06833,11.0
TEST_06834,10.0
TEST_06835,10.0
TEST_06836,10.0
TEST_06837,11.0
TEST_06838,2.0
TEST_06839,9.0
TEST_06840,11.0
TEST_06841,11.0
TEST_06842,1.0
TEST_06843,11.0
TEST_06844,1.0
TEST_06845,10.0
TEST_06846,13.0
TEST_06847,14.0
TEST_06848,12.0
TEST_06849,4.0
TEST_06850,10.0
TEST_06851,10.0
TEST_06852,3.0
TEST_06853,15.0
TEST_06854,4.0
TEST_06855,10.0
TEST_06856,10.0
TEST_06857,5.0
TEST_06858,10.0
TEST_06859,10.0
TEST_06860,14.0
TEST_06861,11.0
TEST_06862,11.0
TEST_06863,10.0
TEST_06864,11.0
TEST_06865,2.0
TEST_06866,11.0
TEST_06867,10.0
TEST_06868,9.0
TEST_06869,11.0
TEST_06870,7.0
TEST_06871,11.0
TEST_06872,10.0
TEST_06873,10.0
TEST_06874,11.0
TEST_06875,14.0
TEST_06876,11.0
TEST_06877,10.0
TEST_06878,11.0
TEST_06879,11.0
TEST_06880,10.0
TEST_06881,11.0
TEST_06882,3.0
TEST_06883,12.0
TEST_06884,10.0
TEST_06885,13.0
TEST_06886,12.0
TEST_06887,10.0
TEST_06888,11.0
TEST_06889,11.0
TEST_06890,10.0
TEST_06891,10.0
TEST_06892,10.0
TEST_06893,10.0
TEST_06894,10.0
TEST_06895,11.0
TEST_06896,10.0
TEST_06897,10.0
TEST_06898,10.0
TEST_06899,10.0
TEST_06900,10.0
TEST_06901,15.0
TEST_06902,11.0
TEST_06903,8.0
TEST_06904,10.0
TEST_06905,10.0
TEST_06906,2.0
TEST_06907,11.0
TEST_06908,11.0
TEST_06909,7.0
TEST_06910,10.0
TEST_06911,4.0
TEST_06912,11.0
TEST_06913,10.0
TEST_06914,6.0
TEST_06915,9.0
TEST_06916,13.0
TEST_06917,10.0
TEST_06918,10.0
TEST_06919,10.0
TEST_06920,4.0
TEST_06921,11.0
TEST_06922,10.0
TEST_06923,2.0
TEST_06924,11.0
TEST_06925,10.0
TEST_06926,10.0
TEST_06927,10.0
TEST_06928,10.0
TEST_06929,10.0
TEST_06930,11.0
TEST_06931,7.0
TEST_06932,10.0
TEST_06933,11.0
TEST_06934,9.0
TEST_06935,8.0
TEST_06936,11.0
TEST_06937,11.0
TEST_06938,11.0
TEST_06939,8.0
TEST_06940,11.0
TEST_06941,10.0
TEST_06942,8.0
TEST_06943,16.0
TEST_06944,11.0
TEST_06945,11.0
TEST_06946,3.0
TEST_06947,11.0
TEST_06948,11.0
TEST_06949,20.0
TEST_06950,1.0
TEST_06951,11.0
TEST_06952,10.0
TEST_06953,6.0
TEST_06954,10.0
TEST_06955,10.0
TEST_06956,10.0
TEST_06957,10.0
TEST_06958,11.0
TEST_06959,10.0
TEST_06960,5.0
TEST_06961,16.0
TEST_06962,6.0
TEST_06963,10.0
TEST_06964,9.0
TEST_06965,13.0
TEST_06966,11.0
TEST_06967,8.0
TEST_06968,8.0
TEST_06969,10.0
TEST_06970,10.0
TEST_06971,11.0
TEST_06972,2.0
TEST_06973,10.0
TEST_06974,2.0
TEST_06975,8.0
TEST_06976,19.0
TEST_06977,14.0
TEST_06978,10.0
TEST_06979,12.0
TEST_06980,10.0
TEST_06981,11.0
TEST_06982,11.0
TEST_06983,10.0
TEST_06984,11.0
TEST_06985,11.0
TEST_06986,11.0
TEST_06987,10.0
TEST_06988,19.0
TEST_06989,11.0
TEST_06990,18.0
TEST_06991,8.0
TEST_06992,10.0
TEST_06993,11.0
TEST_06994,11.0
TEST_06995,11.0
TEST_06996,10.0
TEST_06997,16.0
TEST_06998,10.0
TEST_06999,11.0
TEST_07000,9.0
TEST_07001,11.0
TEST_07002,11.0
TEST_07003,10.0
TEST_07004,10.0
TEST_07005,9.0
TEST_07006,9.0
TEST_07007,10.0
TEST_07008,10.0
TEST_07009,11.0
TEST_07010,9.0
TEST_07011,3.0
TEST_07012,10.0
TEST_07013,11.0
TEST_07014,11.0
TEST_07015,10.0
TEST_07016,2.0
TEST_07017,3.0
TEST_07018,9.0
TEST_07019,10.0
TEST_07020,11.0
TEST_07021,11.0
TEST_07022,10.0
TEST_07023,1.0
TEST_07024,5.0
TEST_07025,11.0
TEST_07026,11.0
TEST_07027,11.0
TEST_07028,10.0
TEST_07029,10.0
TEST_07030,10.0
TEST_07031,10.0
TEST_07032,15.0
TEST_07033,8.0
TEST_07034,11.0
TEST_07035,9.0
TEST_07036,11.0
TEST_07037,11.0
TEST_07038,10.0
TEST_07039,1.0
TEST_07040,9.0
TEST_07041,10.0
TEST_07042,11.0
TEST_07043,12.0
TEST_07044,10.0
TEST_07045,11.0
TEST_07046,10.0
TEST_07047,2.0
TEST_07048,9.0
TEST_07049,11.0
TEST_07050,2.0
TEST_07051,19.0
TEST_07052,11.0
TEST_07053,11.0
TEST_07054,11.0
TEST_07055,10.0
TEST_07056,10.0
TEST_07057,10.0
TEST_07058,1.0
TEST_07059,12.0
TEST_07060,10.0
TEST_07061,9.0
TEST_07062,10.0
TEST_07063,11.0
TEST_07064,11.0
TEST_07065,10.0
TEST_07066,1.0
TEST_07067,11.0
TEST_07068,8.0
TEST_07069,1.0
TEST_07070,3.0
TEST_07071,11.0
TEST_07072,5.0
TEST_07073,10.0
TEST_07074,9.0
TEST_07075,9.0
TEST_07076,5.0
TEST_07077,9.0
TEST_07078,17.0
TEST_07079,16.0
TEST_07080,10.0
TEST_07081,11.0
TEST_07082,11.0
TEST_07083,9.0
TEST_07084,10.0
TEST_07085,10.0
TEST_07086,13.0
TEST_07087,13.0
TEST_07088,10.0
TEST_07089,4.0
TEST_07090,9.0
TEST_07091,11.0
TEST_07092,12.0
TEST_07093,11.0
TEST_07094,10.0
TEST_07095,10.0
TEST_07096,17.0
TEST_07097,10.0
TEST_07098,10.0
TEST_07099,11.0
TEST_07100,2.0
TEST_07101,10.0
TEST_07102,11.0
TEST_07103,11.0
TEST_07104,11.0
TEST_07105,10.0
TEST_07106,10.0
TEST_07107,11.0
TEST_07108,10.0
TEST_07109,10.0
TEST_07110,10.0
TEST_07111,12.0
TEST_07112,9.0
TEST_07113,10.0
TEST_07114,10.0
TEST_07115,10.0
TEST_07116,15.0
TEST_07117,10.0
TEST_07118,9.0
TEST_07119,11.0
TEST_07120,10.0
TEST_07121,11.0
TEST_07122,10.0
TEST_07123,11.0
TEST_07124,9.0
TEST_07125,9.0
TEST_07126,10.0
TEST_07127,12.0
TEST_07128,10.0
TEST_07129,11.0
TEST_07130,11.0
TEST_07131,7.0
TEST_07132,11.0
TEST_07133,12.0
TEST_07134,9.0
TEST_07135,10.0
TEST_07136,2.0
TEST_07137,10.0
TEST_07138,11.0
TEST_07139,11.0
TEST_07140,11.0
TEST_07141,4.0
TEST_07142,9.0
TEST_07143,10.0
TEST_07144,11.0
TEST_07145,10.0
TEST_07146,15.0
TEST_07147,10.0
TEST_07148,10.0
TEST_07149,15.0
TEST_07150,2.0
TEST_07151,15.0
TEST_07152,10.0
TEST_07153,9.0
TEST_07154,10.0
TEST_07155,6.0
TEST_07156,10.0
TEST_07157,11.0
TEST_07158,10.0
TEST_07159,10.0
TEST_07160,2.0
TEST_07161,10.0
TEST_07162,11.0
TEST_07163,10.0
TEST_07164,10.0
TEST_07165,10.0
TEST_07166,18.0
TEST_07167,11.0
TEST_07168,10.0
TEST_07169,10.0
TEST_07170,11.0
TEST_07171,13.0
TEST_07172,11.0
TEST_07173,11.0
TEST_07174,3.0
TEST_07175,11.0
TEST_07176,15.0
TEST_07177,11.0
TEST_07178,11.0
TEST_07179,2.0
TEST_07180,16.0
TEST_07181,10.0
TEST_07182,10.0
TEST_07183,11.0
TEST_07184,11.0
TEST_07185,10.0
TEST_07186,11.0
TEST_07187,10.0
TEST_07188,11.0
TEST_07189,10.0
TEST_07190,2.0
TEST_07191,12.0
TEST_07192,10.0
TEST_07193,19.0
TEST_07194,12.0
TEST_07195,16.0
TEST_07196,10.0
TEST_07197,10.0
TEST_07198,18.0
TEST_07199,10.0
TEST_07200,10.0
TEST_07201,16.0
TEST_07202,10.0
TEST_07203,11.0
TEST_07204,10.0
TEST_07205,10.0
TEST_07206,11.0
TEST_07207,10.0
TEST_07208,11.0
TEST_07209,6.0
TEST_07210,11.0
TEST_07211,13.0
TEST_07212,11.0
TEST_07213,10.0
TEST_07214,12.0
TEST_07215,10.0
TEST_07216,10.0
TEST_07217,11.0
TEST_07218,8.0
TEST_07219,11.0
TEST_07220,9.0
TEST_07221,11.0
TEST_07222,11.0
TEST_07223,16.0
TEST_07224,3.0
TEST_07225,9.0
TEST_07226,14.0
TEST_07227,17.0
TEST_07228,1.0
TEST_07229,11.0
TEST_07230,10.0
TEST_07231,10.0
TEST_07232,9.0
TEST_07233,3.0
TEST_07234,11.0
TEST_07235,10.0
TEST_07236,10.0
TEST_07237,12.0
TEST_07238,10.0
TEST_07239,10.0
TEST_07240,11.0
TEST_07241,11.0
TEST_07242,7.0
TEST_07243,11.0
TEST_07244,11.0
TEST_07245,7.0
TEST_07246,14.0
TEST_07247,16.0
TEST_07248,11.0
TEST_07249,10.0
TEST_07250,10.0
TEST_07251,12.0
TEST_07252,11.0
TEST_07253,11.0
TEST_07254,11.0
TEST_07255,9.0
TEST_07256,4.0
TEST_07257,11.0
TEST_07258,10.0
TEST_07259,10.0
TEST_07260,10.0
TEST_07261,3.0
TEST_07262,14.0
TEST_07263,10.0
TEST_07264,11.0
TEST_07265,10.0
TEST_07266,13.0
TEST_07267,11.0
TEST_07268,11.0
TEST_07269,10.0
TEST_07270,10.0
TEST_07271,11.0
TEST_07272,16.0
TEST_07273,11.0
TEST_07274,10.0
TEST_07275,2.0
TEST_07276,2.0
TEST_07277,21.0
TEST_07278,11.0
TEST_07279,10.0
TEST_07280,11.0
TEST_07281,11.0
TEST_07282,10.0
TEST_07283,12.0
TEST_07284,10.0
TEST_07285,10.0
TEST_07286,18.0
TEST_07287,2.0
TEST_07288,10.0
TEST_07289,10.0
TEST_07290,11.0
TEST_07291,4.0
TEST_07292,10.0
TEST_07293,11.0
TEST_07294,10.0
TEST_07295,10.0
TEST_07296,10.0
TEST_07297,12.0
TEST_07298,11.0
TEST_07299,3.0
TEST_07300,11.0
TEST_07301,10.0
TEST_07302,11.0
TEST_07303,10.0
TEST_07304,11.0
TEST_07305,10.0
TEST_07306,11.0
TEST_07307,11.0
TEST_07308,12.0
TEST_07309,2.0
TEST_07310,11.0
TEST_07311,13.0
TEST_07312,10.0
TEST_07313,10.0
TEST_07314,3.0
TEST_07315,11.0
TEST_07316,11.0
TEST_07317,10.0
TEST_07318,11.0
TEST_07319,3.0
TEST_07320,11.0
TEST_07321,11.0
TEST_07322,10.0
TEST_07323,11.0
TEST_07324,10.0
TEST_07325,3.0
TEST_07326,10.0
TEST_07327,11.0
TEST_07328,2.0
TEST_07329,10.0
TEST_07330,14.0
TEST_07331,10.0
TEST_07332,10.0
TEST_07333,10.0
TEST_07334,2.0
TEST_07335,9.0
TEST_07336,12.0
TEST_07337,7.0
TEST_07338,11.0
TEST_07339,10.0
TEST_07340,10.0
TEST_07341,11.0
TEST_07342,11.0
TEST_07343,10.0
TEST_07344,10.0
TEST_07345,10.0
TEST_07346,10.0
TEST_07347,11.0
TEST_07348,18.0
TEST_07349,11.0
TEST_07350,11.0
TEST_07351,11.0
TEST_07352,8.0
TEST_07353,11.0
TEST_07354,2.0
TEST_07355,10.0
TEST_07356,13.0
TEST_07357,2.0
TEST_07358,9.0
TEST_07359,11.0
TEST_07360,10.0
TEST_07361,10.0
TEST_07362,10.0
TEST_07363,18.0
TEST_07364,11.0
TEST_07365,10.0
TEST_07366,17.0
TEST_07367,10.0
TEST_07368,10.0
TEST_07369,11.0
TEST_07370,10.0
TEST_07371,10.0
TEST_07372,10.0
TEST_07373,10.0
TEST_07374,11.0
TEST_07375,10.0
TEST_07376,11.0
TEST_07377,10.0
TEST_07378,7.0
TEST_07379,21.0
TEST_07380,10.0
TEST_07381,11.0
TEST_07382,11.0
TEST_07383,10.0
TEST_07384,10.0
TEST_07385,10.0
TEST_07386,13.0
TEST_07387,11.0
TEST_07388,10.0
TEST_07389,10.0
TEST_07390,7.0
TEST_07391,10.0
TEST_07392,11.0
TEST_07393,11.0
TEST_07394,2.0
TEST_07395,11.0
TEST_07396,1.0
TEST_07397,10.0
TEST_07398,10.0
TEST_07399,10.0
TEST_07400,11.0
TEST_07401,11.0
TEST_07402,11.0
TEST_07403,11.0
TEST_07404,12.0
TEST_07405,6.0
TEST_07406,10.0
TEST_07407,7.0
TEST_07408,6.0
TEST_07409,10.0
TEST_07410,10.0
TEST_07411,10.0
TEST_07412,10.0
TEST_07413,11.0
TEST_07414,10.0
TEST_07415,11.0
TEST_07416,6.0
TEST_07417,17.0
TEST_07418,11.0
TEST_07419,11.0
TEST_07420,7.0
TEST_07421,11.0
TEST_07422,10.0
TEST_07423,12.0
TEST_07424,7.0
TEST_07425,1.0
TEST_07426,7.0
TEST_07427,10.0
TEST_07428,10.0
TEST_07429,17.0
TEST_07430,0.0
TEST_07431,10.0
TEST_07432,11.0
TEST_07433,11.0
TEST_07434,11.0
TEST_07435,12.0
TEST_07436,10.0
TEST_07437,11.0
TEST_07438,10.0
TEST_07439,10.0
TEST_07440,10.0
TEST_07441,5.0
TEST_07442,16.0
TEST_07443,11.0
TEST_07444,9.0
TEST_07445,9.0
TEST_07446,16.0
TEST_07447,10.0
TEST_07448,10.0
TEST_07449,10.0
TEST_07450,10.0
TEST_07451,11.0
TEST_07452,10.0
TEST_07453,11.0
TEST_07454,11.0
TEST_07455,6.0
TEST_07456,10.0
TEST_07457,2.0
TEST_07458,11.0
TEST_07459,10.0
TEST_07460,9.0
TEST_07461,12.0
TEST_07462,8.0
TEST_07463,11.0
TEST_07464,11.0
TEST_07465,10.0
TEST_07466,10.0
TEST_07467,10.0
TEST_07468,10.0
TEST_07469,10.0
TEST_07470,11.0
TEST_07471,20.0
TEST_07472,10.0
TEST_07473,9.0
TEST_07474,8.0
TEST_07475,11.0
TEST_07476,14.0
TEST_07477,10.0
TEST_07478,9.0
TEST_07479,10.0
TEST_07480,2.0
TEST_07481,17.0
TEST_07482,10.0
TEST_07483,10.0
TEST_07484,11.0
TEST_07485,10.0
TEST_07486,10.0
TEST_07487,11.0
TEST_07488,7.0
TEST_07489,8.0
TEST_07490,9.0
TEST_07491,11.0
TEST_07492,10.0
TEST_07493,10.0
TEST_07494,7.0
TEST_07495,11.0
TEST_07496,11.0
TEST_07497,4.0
TEST_07498,11.0
TEST_07499,10.0
TEST_07500,10.0
TEST_07501,18.0
TEST_07502,11.0
TEST_07503,10.0
TEST_07504,9.0
TEST_07505,11.0
TEST_07506,12.0
TEST_07507,11.0
TEST_07508,11.0
TEST_07509,9.0
TEST_07510,11.0
TEST_07511,11.0
TEST_07512,10.0
TEST_07513,11.0
TEST_07514,10.0
TEST_07515,9.0
TEST_07516,13.0
TEST_07517,11.0
TEST_07518,10.0
TEST_07519,11.0
TEST_07520,11.0
TEST_07521,11.0
TEST_07522,11.0
TEST_07523,11.0
TEST_07524,10.0
TEST_07525,10.0
TEST_07526,1.0
TEST_07527,12.0
TEST_07528,9.0
TEST_07529,9.0
TEST_07530,10.0
TEST_07531,10.0
TEST_07532,11.0
TEST_07533,10.0
TEST_07534,9.0
TEST_07535,10.0
TEST_07536,11.0
TEST_07537,4.0
TEST_07538,11.0
TEST_07539,10.0
TEST_07540,11.0
TEST_07541,10.0
TEST_07542,11.0
TEST_07543,10.0
TEST_07544,10.0
TEST_07545,8.0
TEST_07546,7.0
TEST_07547,8.0
TEST_07548,11.0
TEST_07549,11.0
TEST_07550,15.0
TEST_07551,13.0
TEST_07552,11.0
TEST_07553,11.0
TEST_07554,10.0
TEST_07555,10.0
TEST_07556,11.0
TEST_07557,11.0
TEST_07558,10.0
TEST_07559,11.0
TEST_07560,11.0
TEST_07561,10.0
TEST_07562,10.0
TEST_07563,11.0
TEST_07564,11.0
TEST_07565,3.0
TEST_07566,11.0
TEST_07567,2.0
TEST_07568,10.0
TEST_07569,10.0
TEST_07570,17.0
TEST_07571,11.0
TEST_07572,11.0
TEST_07573,11.0
TEST_07574,11.0
TEST_07575,10.0
TEST_07576,2.0
TEST_07577,11.0
TEST_07578,2.0
TEST_07579,12.0
TEST_07580,10.0
TEST_07581,15.0
TEST_07582,11.0
TEST_07583,8.0
TEST_07584,7.0
TEST_07585,10.0
TEST_07586,21.0
TEST_07587,11.0
TEST_07588,5.0
TEST_07589,11.0
TEST_07590,12.0
TEST_07591,11.0
TEST_07592,6.0
TEST_07593,10.0
TEST_07594,8.0
TEST_07595,10.0
TEST_07596,11.0
TEST_07597,10.0
TEST_07598,2.0
TEST_07599,11.0
TEST_07600,10.0
TEST_07601,11.0
TEST_07602,7.0
TEST_07603,11.0
TEST_07604,13.0
TEST_07605,10.0
TEST_07606,11.0
TEST_07607,10.0
TEST_07608,1.0
TEST_07609,9.0
TEST_07610,10.0
TEST_07611,11.0
TEST_07612,11.0
TEST_07613,10.0
TEST_07614,10.0
TEST_07615,10.0
TEST_07616,11.0
TEST_07617,10.0
TEST_07618,10.0
TEST_07619,2.0
TEST_07620,2.0
TEST_07621,7.0
TEST_07622,11.0
TEST_07623,11.0
TEST_07624,11.0
TEST_07625,17.0
TEST_07626,3.0
TEST_07627,9.0
TEST_07628,9.0
TEST_07629,9.0
TEST_07630,11.0
TEST_07631,10.0
TEST_07632,17.0
TEST_07633,11.0
TEST_07634,7.0
TEST_07635,11.0
TEST_07636,9.0
TEST_07637,13.0
TEST_07638,10.0
TEST_07639,11.0
TEST_07640,10.0
TEST_07641,11.0
TEST_07642,10.0
TEST_07643,2.0
TEST_07644,5.0
TEST_07645,3.0
TEST_07646,5.0
TEST_07647,10.0
TEST_07648,11.0
TEST_07649,18.0
TEST_07650,10.0
TEST_07651,6.0
TEST_07652,11.0
TEST_07653,11.0
TEST_07654,10.0
TEST_07655,10.0
TEST_07656,8.0
TEST_07657,18.0
TEST_07658,1.0
TEST_07659,11.0
TEST_07660,2.0
TEST_07661,10.0
TEST_07662,11.0
TEST_07663,14.0
TEST_07664,10.0
TEST_07665,11.0
TEST_07666,18.0
TEST_07667,10.0
TEST_07668,11.0
TEST_07669,6.0
TEST_07670,11.0
TEST_07671,3.0
TEST_07672,10.0
TEST_07673,11.0
TEST_07674,19.0
TEST_07675,10.0
TEST_07676,10.0
TEST_07677,11.0
TEST_07678,10.0
TEST_07679,11.0
TEST_07680,10.0
TEST_07681,3.0
TEST_07682,10.0
TEST_07683,10.0
TEST_07684,3.0
TEST_07685,5.0
TEST_07686,11.0
TEST_07687,15.0
TEST_07688,11.0
TEST_07689,10.0
TEST_07690,12.0
TEST_07691,3.0
TEST_07692,9.0
TEST_07693,11.0
TEST_07694,11.0
TEST_07695,12.0
TEST_07696,9.0
TEST_07697,11.0
TEST_07698,7.0
TEST_07699,1.0
TEST_07700,10.0
TEST_07701,13.0
TEST_07702,11.0
TEST_07703,10.0
TEST_07704,13.0
TEST_07705,10.0
TEST_07706,10.0
TEST_07707,2.0
TEST_07708,11.0
TEST_07709,9.0
TEST_07710,9.0
TEST_07711,10.0
TEST_07712,16.0
TEST_07713,11.0
TEST_07714,11.0
TEST_07715,9.0
TEST_07716,11.0
TEST_07717,10.0
TEST_07718,10.0
TEST_07719,10.0
TEST_07720,11.0
TEST_07721,11.0
TEST_07722,10.0
TEST_07723,10.0
TEST_07724,11.0
TEST_07725,10.0
TEST_07726,17.0
TEST_07727,2.0
TEST_07728,6.0
TEST_07729,10.0
TEST_07730,11.0
TEST_07731,10.0
TEST_07732,11.0
TEST_07733,17.0
TEST_07734,8.0
TEST_07735,11.0
TEST_07736,9.0
TEST_07737,6.0
TEST_07738,10.0
TEST_07739,11.0
TEST_07740,10.0
TEST_07741,11.0
TEST_07742,10.0
TEST_07743,10.0
TEST_07744,11.0
TEST_07745,14.0
TEST_07746,10.0
TEST_07747,10.0
TEST_07748,3.0
TEST_07749,11.0
TEST_07750,11.0
TEST_07751,11.0
TEST_07752,2.0
TEST_07753,11.0
TEST_07754,11.0
TEST_07755,15.0
TEST_07756,11.0
TEST_07757,11.0
TEST_07758,5.0
TEST_07759,9.0
TEST_07760,11.0
TEST_07761,11.0
TEST_07762,11.0
TEST_07763,8.0
TEST_07764,3.0
TEST_07765,10.0
TEST_07766,10.0
TEST_07767,10.0
TEST_07768,11.0
TEST_07769,11.0
TEST_07770,10.0
TEST_07771,11.0
TEST_07772,10.0
TEST_07773,10.0
TEST_07774,12.0
TEST_07775,3.0
TEST_07776,7.0
TEST_07777,11.0
TEST_07778,12.0
TEST_07779,10.0
TEST_07780,11.0
TEST_07781,12.0
TEST_07782,7.0
TEST_07783,14.0
TEST_07784,12.0
TEST_07785,11.0
TEST_07786,10.0
TEST_07787,19.0
TEST_07788,2.0
TEST_07789,12.0
TEST_07790,10.0
TEST_07791,11.0
TEST_07792,12.0
TEST_07793,10.0
TEST_07794,11.0
TEST_07795,17.0
TEST_07796,10.0
TEST_07797,9.0
TEST_07798,9.0
TEST_07799,10.0
TEST_07800,9.0
TEST_07801,10.0
TEST_07802,15.0
TEST_07803,13.0
TEST_07804,10.0
TEST_07805,10.0
TEST_07806,10.0
TEST_07807,3.0
TEST_07808,11.0
TEST_07809,11.0
TEST_07810,9.0
TEST_07811,3.0
TEST_07812,10.0
TEST_07813,9.0
TEST_07814,11.0
TEST_07815,16.0
TEST_07816,11.0
TEST_07817,16.0
TEST_07818,11.0
TEST_07819,10.0
TEST_07820,11.0
TEST_07821,10.0
TEST_07822,15.0
TEST_07823,10.0
TEST_07824,11.0
TEST_07825,10.0
TEST_07826,11.0
TEST_07827,3.0
TEST_07828,14.0
TEST_07829,10.0
TEST_07830,10.0
TEST_07831,11.0
TEST_07832,14.0
TEST_07833,11.0
TEST_07834,3.0
TEST_07835,10.0
TEST_07836,13.0
TEST_07837,11.0
TEST_07838,10.0
TEST_07839,11.0
TEST_07840,9.0
TEST_07841,10.0
TEST_07842,11.0
TEST_07843,10.0
TEST_07844,10.0
TEST_07845,10.0
TEST_07846,10.0
TEST_07847,15.0
TEST_07848,11.0
TEST_07849,5.0
TEST_07850,18.0
TEST_07851,11.0
TEST_07852,14.0
TEST_07853,10.0
TEST_07854,2.0
TEST_07855,10.0
TEST_07856,1.0
TEST_07857,3.0
TEST_07858,9.0
TEST_07859,4.0
TEST_07860,11.0
TEST_07861,10.0
TEST_07862,10.0
TEST_07863,14.0
TEST_07864,11.0
TEST_07865,10.0
TEST_07866,9.0
TEST_07867,10.0
TEST_07868,10.0
TEST_07869,14.0
TEST_07870,11.0
TEST_07871,10.0
TEST_07872,11.0
TEST_07873,11.0
TEST_07874,11.0
TEST_07875,9.0
TEST_07876,8.0
TEST_07877,11.0
TEST_07878,15.0
TEST_07879,10.0
TEST_07880,3.0
TEST_07881,10.0
TEST_07882,10.0
TEST_07883,12.0
TEST_07884,10.0
TEST_07885,11.0
TEST_07886,10.0
TEST_07887,11.0
TEST_07888,11.0
TEST_07889,11.0
TEST_07890,2.0
TEST_07891,3.0
TEST_07892,3.0
TEST_07893,11.0
TEST_07894,8.0
TEST_07895,11.0
TEST_07896,10.0
TEST_07897,5.0
TEST_07898,10.0
TEST_07899,11.0
TEST_07900,9.0
TEST_07901,4.0
TEST_07902,12.0
TEST_07903,10.0
TEST_07904,11.0
TEST_07905,10.0
TEST_07906,11.0
TEST_07907,11.0
TEST_07908,11.0
TEST_07909,2.0
TEST_07910,11.0
TEST_07911,10.0
TEST_07912,10.0
TEST_07913,11.0
TEST_07914,10.0
TEST_07915,10.0
TEST_07916,10.0
TEST_07917,12.0
TEST_07918,9.0
TEST_07919,11.0
TEST_07920,8.0
TEST_07921,11.0
TEST_07922,10.0
TEST_07923,11.0
TEST_07924,10.0
TEST_07925,11.0
TEST_07926,2.0
TEST_07927,11.0
TEST_07928,10.0
TEST_07929,15.0
TEST_07930,10.0
TEST_07931,13.0
TEST_07932,10.0
TEST_07933,2.0
TEST_07934,10.0
TEST_07935,14.0
TEST_07936,7.0
TEST_07937,8.0
TEST_07938,17.0
TEST_07939,10.0
TEST_07940,17.0
TEST_07941,8.0
TEST_07942,5.0
TEST_07943,9.0
TEST_07944,2.0
TEST_07945,10.0
TEST_07946,8.0
TEST_07947,10.0
TEST_07948,8.0
TEST_07949,11.0
TEST_07950,10.0
TEST_07951,20.0
TEST_07952,15.0
TEST_07953,11.0
TEST_07954,10.0
TEST_07955,11.0
TEST_07956,11.0
TEST_07957,8.0
TEST_07958,11.0
TEST_07959,9.0
TEST_07960,5.0
TEST_07961,11.0
TEST_07962,10.0
TEST_07963,11.0
TEST_07964,10.0
TEST_07965,10.0
TEST_07966,10.0
TEST_07967,10.0
TEST_07968,10.0
TEST_07969,11.0
TEST_07970,10.0
TEST_07971,15.0
TEST_07972,10.0
TEST_07973,9.0
TEST_07974,10.0
TEST_07975,18.0
TEST_07976,14.0
TEST_07977,12.0
TEST_07978,10.0
TEST_07979,11.0
TEST_07980,14.0
TEST_07981,10.0
TEST_07982,12.0
TEST_07983,8.0
TEST_07984,4.0
TEST_07985,3.0
TEST_07986,13.0
TEST_07987,10.0
TEST_07988,11.0
TEST_07989,10.0
TEST_07990,9.0
TEST_07991,11.0
TEST_07992,2.0
TEST_07993,11.0
TEST_07994,7.0
TEST_07995,10.0
TEST_07996,10.0
TEST_07997,13.0
TEST_07998,10.0
TEST_07999,10.0
TEST_08000,10.0
TEST_08001,11.0
TEST_08002,10.0
TEST_08003,21.0
TEST_08004,11.0
TEST_08005,10.0
TEST_08006,12.0
TEST_08007,9.0
TEST_08008,9.0
TEST_08009,14.0
TEST_08010,3.0
TEST_08011,10.0
TEST_08012,10.0
TEST_08013,10.0
TEST_08014,10.0
TEST_08015,10.0
TEST_08016,2.0
TEST_08017,11.0
TEST_08018,3.0
TEST_08019,11.0
TEST_08020,7.0
TEST_08021,10.0
TEST_08022,3.0
TEST_08023,13.0
TEST_08024,2.0
TEST_08025,10.0
TEST_08026,8.0
TEST_08027,7.0
TEST_08028,10.0
TEST_08029,11.0
TEST_08030,10.0
TEST_08031,10.0
TEST_08032,12.0
TEST_08033,11.0
TEST_08034,11.0
TEST_08035,11.0
TEST_08036,8.0
TEST_08037,11.0
TEST_08038,10.0
TEST_08039,9.0
TEST_08040,6.0
TEST_08041,11.0
TEST_08042,9.0
TEST_08043,3.0
TEST_08044,11.0
TEST_08045,10.0
TEST_08046,10.0
TEST_08047,2.0
TEST_08048,11.0
TEST_08049,10.0
TEST_08050,7.0
TEST_08051,11.0
TEST_08052,13.0
TEST_08053,10.0
TEST_08054,10.0
TEST_08055,10.0
TEST_08056,7.0
TEST_08057,3.0
TEST_08058,10.0
TEST_08059,10.0
TEST_08060,10.0
TEST_08061,11.0
TEST_08062,11.0
TEST_08063,11.0
TEST_08064,11.0
TEST_08065,14.0
TEST_08066,1.0
TEST_08067,6.0
TEST_08068,10.0
TEST_08069,11.0
TEST_08070,11.0
TEST_08071,11.0
TEST_08072,15.0
TEST_08073,2.0
TEST_08074,11.0
TEST_08075,11.0
TEST_08076,9.0
TEST_08077,11.0
TEST_08078,11.0
TEST_08079,11.0
TEST_08080,11.0
TEST_08081,16.0
TEST_08082,10.0
TEST_08083,11.0
TEST_08084,10.0
TEST_08085,3.0
TEST_08086,10.0
TEST_08087,11.0
TEST_08088,11.0
TEST_08089,11.0
TEST_08090,7.0
TEST_08091,10.0
TEST_08092,11.0
TEST_08093,11.0
TEST_08094,17.0
TEST_08095,11.0
TEST_08096,8.0
TEST_08097,10.0
TEST_08098,10.0
TEST_08099,11.0
TEST_08100,2.0
TEST_08101,8.0
TEST_08102,10.0
TEST_08103,3.0
TEST_08104,11.0
TEST_08105,10.0
TEST_08106,11.0
TEST_08107,10.0
TEST_08108,4.0
TEST_08109,11.0
TEST_08110,10.0
TEST_08111,17.0
TEST_08112,3.0
TEST_08113,10.0
TEST_08114,11.0
TEST_08115,9.0
TEST_08116,10.0
TEST_08117,10.0
TEST_08118,8.0
TEST_08119,10.0
TEST_08120,10.0
TEST_08121,10.0
TEST_08122,9.0
TEST_08123,9.0
TEST_08124,10.0
TEST_08125,11.0
TEST_08126,10.0
TEST_08127,10.0
TEST_08128,3.0
TEST_08129,9.0
TEST_08130,11.0
TEST_08131,2.0
TEST_08132,11.0
TEST_08133,9.0
TEST_08134,10.0
TEST_08135,12.0
TEST_08136,11.0
TEST_08137,11.0
TEST_08138,11.0
TEST_08139,8.0
TEST_08140,11.0
TEST_08141,8.0
TEST_08142,11.0
TEST_08143,9.0
TEST_08144,12.0
TEST_08145,7.0
TEST_08146,11.0
TEST_08147,11.0
TEST_08148,8.0
TEST_08149,11.0
TEST_08150,10.0
TEST_08151,2.0
TEST_08152,10.0
TEST_08153,15.0
TEST_08154,11.0
TEST_08155,17.0
TEST_08156,10.0
TEST_08157,10.0
TEST_08158,11.0
TEST_08159,10.0
TEST_08160,10.0
TEST_08161,3.0
TEST_08162,1.0
TEST_08163,13.0
TEST_08164,9.0
TEST_08165,10.0
TEST_08166,10.0
TEST_08167,17.0
TEST_08168,11.0
TEST_08169,10.0
TEST_08170,10.0
TEST_08171,10.0
TEST_08172,10.0
TEST_08173,11.0
TEST_08174,12.0
TEST_08175,11.0
TEST_08176,11.0
TEST_08177,10.0
TEST_08178,16.0
TEST_08179,10.0
TEST_08180,10.0
TEST_08181,11.0
TEST_08182,7.0
TEST_08183,9.0
TEST_08184,11.0
TEST_08185,9.0
TEST_08186,12.0
TEST_08187,11.0
TEST_08188,17.0
TEST_08189,17.0
TEST_08190,5.0
TEST_08191,11.0
TEST_08192,10.0
TEST_08193,3.0
TEST_08194,10.0
TEST_08195,10.0
TEST_08196,9.0
TEST_08197,10.0
TEST_08198,15.0
TEST_08199,10.0
TEST_08200,7.0
TEST_08201,10.0
TEST_08202,13.0
TEST_08203,11.0
TEST_08204,8.0
TEST_08205,11.0
TEST_08206,11.0
TEST_08207,7.0
TEST_08208,13.0
TEST_08209,11.0
TEST_08210,11.0
TEST_08211,7.0
TEST_08212,10.0
TEST_08213,11.0
TEST_08214,11.0
TEST_08215,7.0
TEST_08216,11.0
TEST_08217,12.0
TEST_08218,10.0
TEST_08219,10.0
TEST_08220,3.0
TEST_08221,12.0
TEST_08222,11.0
TEST_08223,2.0
TEST_08224,11.0
TEST_08225,8.0
TEST_08226,12.0
TEST_08227,11.0
TEST_08228,10.0
TEST_08229,11.0
TEST_08230,9.0
TEST_08231,11.0
TEST_08232,11.0
TEST_08233,11.0
TEST_08234,10.0
TEST_08235,18.0
TEST_08236,11.0
TEST_08237,10.0
TEST_08238,10.0
TEST_08239,10.0
TEST_08240,11.0
TEST_08241,18.0
TEST_08242,10.0
TEST_08243,19.0
TEST_08244,11.0
TEST_08245,11.0
TEST_08246,10.0
TEST_08247,11.0
TEST_08248,10.0
TEST_08249,10.0
TEST_08250,11.0
TEST_08251,10.0
TEST_08252,16.0
TEST_08253,11.0
TEST_08254,11.0
TEST_08255,8.0
TEST_08256,10.0
TEST_08257,10.0
TEST_08258,3.0
TEST_08259,11.0
TEST_08260,6.0
TEST_08261,10.0
TEST_08262,10.0
TEST_08263,2.0
TEST_08264,3.0
TEST_08265,10.0
TEST_08266,10.0
TEST_08267,10.0
TEST_08268,10.0
TEST_08269,3.0
TEST_08270,10.0
TEST_08271,13.0
TEST_08272,11.0
TEST_08273,10.0
TEST_08274,11.0
TEST_08275,10.0
TEST_08276,11.0
TEST_08277,10.0
TEST_08278,20.0
TEST_08279,8.0
TEST_08280,16.0
TEST_08281,9.0
TEST_08282,14.0
TEST_08283,9.0
TEST_08284,10.0
TEST_08285,10.0
TEST_08286,10.0
TEST_08287,9.0
TEST_08288,16.0
TEST_08289,10.0
TEST_08290,17.0
TEST_08291,13.0
TEST_08292,11.0
TEST_08293,10.0
TEST_08294,5.0
TEST_08295,16.0
TEST_08296,1.0
TEST_08297,16.0
TEST_08298,10.0
TEST_08299,19.0
TEST_08300,8.0
TEST_08301,10.0
TEST_08302,11.0
TEST_08303,11.0
TEST_08304,13.0
TEST_08305,12.0
TEST_08306,13.0
TEST_08307,10.0
TEST_08308,7.0
TEST_08309,11.0
TEST_08310,13.0
TEST_08311,12.0
TEST_08312,15.0
TEST_08313,3.0
TEST_08314,12.0
TEST_08315,11.0
TEST_08316,11.0
TEST_08317,11.0
TEST_08318,10.0
TEST_08319,3.0
TEST_08320,11.0
TEST_08321,7.0
TEST_08322,5.0
TEST_08323,10.0
TEST_08324,11.0
TEST_08325,18.0
TEST_08326,10.0
TEST_08327,10.0
TEST_08328,10.0
TEST_08329,10.0
TEST_08330,11.0
TEST_08331,11.0
TEST_08332,15.0
TEST_08333,11.0
TEST_08334,3.0
TEST_08335,10.0
TEST_08336,9.0
TEST_08337,6.0
TEST_08338,10.0
TEST_08339,7.0
TEST_08340,10.0
TEST_08341,11.0
TEST_08342,10.0
TEST_08343,11.0
TEST_08344,10.0
TEST_08345,12.0
TEST_08346,11.0
TEST_08347,9.0
TEST_08348,10.0
TEST_08349,10.0
TEST_08350,16.0
TEST_08351,9.0
TEST_08352,9.0
TEST_08353,10.0
TEST_08354,10.0
TEST_08355,9.0
TEST_08356,12.0
TEST_08357,11.0
TEST_08358,10.0
TEST_08359,10.0
TEST_08360,8.0
TEST_08361,19.0
TEST_08362,9.0
TEST_08363,10.0
TEST_08364,6.0
TEST_08365,2.0
TEST_08366,10.0
TEST_08367,10.0
TEST_08368,9.0
TEST_08369,2.0
TEST_08370,10.0
TEST_08371,10.0
TEST_08372,11.0
TEST_08373,11.0
TEST_08374,10.0
TEST_08375,14.0
TEST_08376,17.0
TEST_08377,10.0
TEST_08378,16.0
TEST_08379,8.0
TEST_08380,12.0
TEST_08381,1.0
TEST_08382,10.0
TEST_08383,10.0
TEST_08384,19.0
TEST_08385,10.0
TEST_08386,11.0
TEST_08387,2.0
TEST_08388,6.0
TEST_08389,10.0
TEST_08390,11.0
TEST_08391,10.0
TEST_08392,8.0
TEST_08393,12.0
TEST_08394,11.0
TEST_08395,12.0
TEST_08396,11.0
TEST_08397,10.0
TEST_08398,10.0
TEST_08399,13.0
TEST_08400,11.0
TEST_08401,11.0
TEST_08402,10.0
TEST_08403,10.0
TEST_08404,11.0
TEST_08405,10.0
TEST_08406,10.0
TEST_08407,11.0
TEST_08408,8.0
TEST_08409,15.0
TEST_08410,12.0
TEST_08411,10.0
TEST_08412,10.0
TEST_08413,12.0
TEST_08414,10.0
TEST_08415,11.0
TEST_08416,10.0
TEST_08417,11.0
TEST_08418,11.0
TEST_08419,10.0
TEST_08420,12.0
TEST_08421,10.0
TEST_08422,11.0
TEST_08423,10.0
TEST_08424,10.0
TEST_08425,10.0
TEST_08426,6.0
TEST_08427,10.0
TEST_08428,20.0
TEST_08429,10.0
TEST_08430,10.0
TEST_08431,12.0
TEST_08432,17.0
TEST_08433,10.0
TEST_08434,11.0
TEST_08435,16.0
TEST_08436,11.0
TEST_08437,11.0
TEST_08438,9.0
TEST_08439,3.0
TEST_08440,11.0
TEST_08441,17.0
TEST_08442,11.0
TEST_08443,11.0
TEST_08444,10.0
TEST_08445,10.0
TEST_08446,11.0
TEST_08447,10.0
TEST_08448,11.0
TEST_08449,3.0
TEST_08450,10.0
TEST_08451,5.0
TEST_08452,10.0
TEST_08453,11.0
TEST_08454,11.0
TEST_08455,10.0
TEST_08456,10.0
TEST_08457,10.0
TEST_08458,8.0
TEST_08459,16.0
TEST_08460,10.0
TEST_08461,10.0
TEST_08462,13.0
TEST_08463,13.0
TEST_08464,10.0
TEST_08465,10.0
TEST_08466,9.0
TEST_08467,11.0
TEST_08468,11.0
TEST_08469,10.0
TEST_08470,11.0
TEST_08471,11.0
TEST_08472,8.0
TEST_08473,12.0
TEST_08474,16.0
TEST_08475,11.0
TEST_08476,12.0
TEST_08477,10.0
TEST_08478,10.0
TEST_08479,7.0
TEST_08480,5.0
TEST_08481,11.0
TEST_08482,11.0
TEST_08483,11.0
TEST_08484,11.0
TEST_08485,12.0
TEST_08486,10.0
TEST_08487,9.0
TEST_08488,11.0
TEST_08489,11.0
TEST_08490,10.0
TEST_08491,11.0
TEST_08492,10.0
TEST_08493,11.0
TEST_08494,11.0
TEST_08495,9.0
TEST_08496,10.0
TEST_08497,11.0
TEST_08498,2.0
TEST_08499,5.0
TEST_08500,10.0
TEST_08501,11.0
TEST_08502,3.0
TEST_08503,7.0
TEST_08504,10.0
TEST_08505,11.0
TEST_08506,10.0
TEST_08507,10.0
TEST_08508,10.0
TEST_08509,11.0
TEST_08510,4.0
TEST_08511,11.0
TEST_08512,2.0
TEST_08513,9.0
TEST_08514,11.0
TEST_08515,15.0
TEST_08516,10.0
TEST_08517,11.0
TEST_08518,12.0
TEST_08519,11.0
TEST_08520,11.0
TEST_08521,11.0
TEST_08522,10.0
TEST_08523,10.0
TEST_08524,10.0
TEST_08525,9.0
TEST_08526,10.0
TEST_08527,11.0
TEST_08528,5.0
TEST_08529,10.0
TEST_08530,11.0
TEST_08531,11.0
TEST_08532,10.0
TEST_08533,10.0
TEST_08534,7.0
TEST_08535,14.0
TEST_08536,10.0
TEST_08537,16.0
TEST_08538,11.0
TEST_08539,10.0
TEST_08540,9.0
TEST_08541,10.0
TEST_08542,11.0
TEST_08543,11.0
TEST_08544,17.0
TEST_08545,10.0
TEST_08546,9.0
TEST_08547,15.0
TEST_08548,10.0
TEST_08549,10.0
TEST_08550,8.0
TEST_08551,10.0
TEST_08552,10.0
TEST_08553,15.0
TEST_08554,15.0
TEST_08555,10.0
TEST_08556,1.0
TEST_08557,7.0
TEST_08558,10.0
TEST_08559,10.0
TEST_08560,11.0
TEST_08561,10.0
TEST_08562,11.0
TEST_08563,10.0
TEST_08564,11.0
TEST_08565,10.0
TEST_08566,3.0
TEST_08567,3.0
TEST_08568,12.0
TEST_08569,10.0
TEST_08570,10.0
TEST_08571,11.0
TEST_08572,10.0
TEST_08573,11.0
TEST_08574,12.0
TEST_08575,16.0
TEST_08576,8.0
TEST_08577,10.0
TEST_08578,1.0
TEST_08579,10.0
TEST_08580,10.0
TEST_08581,10.0
TEST_08582,8.0
TEST_08583,10.0
TEST_08584,10.0
TEST_08585,5.0
TEST_08586,11.0
TEST_08587,10.0
TEST_08588,9.0
TEST_08589,11.0
TEST_08590,10.0
TEST_08591,13.0
TEST_08592,9.0
TEST_08593,11.0
TEST_08594,10.0
TEST_08595,11.0
TEST_08596,14.0
TEST_08597,10.0
TEST_08598,9.0
TEST_08599,3.0
TEST_08600,1.0
TEST_08601,10.0
TEST_08602,10.0
TEST_08603,10.0
TEST_08604,2.0
TEST_08605,8.0
TEST_08606,9.0
TEST_08607,11.0
TEST_08608,10.0
TEST_08609,9.0
TEST_08610,8.0
TEST_08611,10.0
TEST_08612,11.0
TEST_08613,11.0
TEST_08614,11.0
TEST_08615,6.0
TEST_08616,13.0
TEST_08617,5.0
TEST_08618,11.0
TEST_08619,11.0
TEST_08620,9.0
TEST_08621,16.0
TEST_08622,10.0
TEST_08623,11.0
TEST_08624,11.0
TEST_08625,11.0
TEST_08626,11.0
TEST_08627,10.0
TEST_08628,11.0
TEST_08629,11.0
TEST_08630,10.0
TEST_08631,12.0
TEST_08632,7.0
TEST_08633,12.0
TEST_08634,10.0
TEST_08635,11.0
TEST_08636,8.0
TEST_08637,11.0
TEST_08638,9.0
TEST_08639,18.0
TEST_08640,8.0
TEST_08641,10.0
TEST_08642,11.0
TEST_08643,9.0
TEST_08644,11.0
TEST_08645,10.0
TEST_08646,10.0
TEST_08647,8.0
TEST_08648,21.0
TEST_08649,16.0
TEST_08650,15.0
TEST_08651,11.0
TEST_08652,14.0
TEST_08653,15.0
TEST_08654,9.0
TEST_08655,10.0
TEST_08656,10.0
TEST_08657,8.0
TEST_08658,17.0
TEST_08659,11.0
TEST_08660,10.0
TEST_08661,10.0
TEST_08662,11.0
TEST_08663,6.0
TEST_08664,14.0
TEST_08665,11.0
TEST_08666,11.0
TEST_08667,17.0
TEST_08668,8.0
TEST_08669,11.0
TEST_08670,2.0
TEST_08671,8.0
TEST_08672,2.0
TEST_08673,10.0
TEST_08674,10.0
TEST_08675,10.0
TEST_08676,13.0
TEST_08677,10.0
TEST_08678,10.0
TEST_08679,11.0
TEST_08680,12.0
TEST_08681,12.0
TEST_08682,10.0
TEST_08683,10.0
TEST_08684,15.0
TEST_08685,14.0
TEST_08686,2.0
TEST_08687,10.0
TEST_08688,11.0
TEST_08689,11.0
TEST_08690,10.0
TEST_08691,5.0
TEST_08692,10.0
TEST_08693,10.0
TEST_08694,9.0
TEST_08695,7.0
TEST_08696,11.0
TEST_08697,11.0
TEST_08698,11.0
TEST_08699,11.0
TEST_08700,10.0
TEST_08701,11.0
TEST_08702,10.0
TEST_08703,11.0
TEST_08704,3.0
TEST_08705,14.0
TEST_08706,11.0
TEST_08707,11.0
TEST_08708,11.0
TEST_08709,10.0
TEST_08710,10.0
TEST_08711,11.0
TEST_08712,10.0
TEST_08713,10.0
TEST_08714,9.0
TEST_08715,14.0
TEST_08716,10.0
TEST_08717,10.0
TEST_08718,10.0
TEST_08719,10.0
TEST_08720,10.0
TEST_08721,11.0
TEST_08722,21.0
TEST_08723,10.0
TEST_08724,12.0
TEST_08725,10.0
TEST_08726,11.0
TEST_08727,10.0
TEST_08728,10.0
TEST_08729,12.0
TEST_08730,15.0
TEST_08731,9.0
TEST_08732,13.0
TEST_08733,11.0
TEST_08734,10.0
TEST_08735,11.0
TEST_08736,11.0
TEST_08737,10.0
TEST_08738,10.0
TEST_08739,10.0
TEST_08740,11.0
TEST_08741,8.0
TEST_08742,3.0
TEST_08743,10.0
TEST_08744,10.0
TEST_08745,15.0
TEST_08746,12.0
TEST_08747,13.0
TEST_08748,8.0
TEST_08749,2.0
TEST_08750,8.0
TEST_08751,10.0
TEST_08752,12.0
TEST_08753,11.0
TEST_08754,10.0
TEST_08755,11.0
TEST_08756,13.0
TEST_08757,10.0
TEST_08758,11.0
TEST_08759,7.0
TEST_08760,10.0
TEST_08761,9.0
TEST_08762,10.0
TEST_08763,10.0
TEST_08764,5.0
TEST_08765,11.0
TEST_08766,11.0
TEST_08767,11.0
TEST_08768,8.0
TEST_08769,11.0
TEST_08770,9.0
TEST_08771,11.0
TEST_08772,2.0
TEST_08773,8.0
TEST_08774,20.0
TEST_08775,11.0
TEST_08776,5.0
TEST_08777,10.0
TEST_08778,11.0
TEST_08779,8.0
TEST_08780,11.0
TEST_08781,10.0
TEST_08782,13.0
TEST_08783,17.0
TEST_08784,11.0
TEST_08785,13.0
TEST_08786,11.0
TEST_08787,3.0
TEST_08788,11.0
TEST_08789,8.0
TEST_08790,11.0
TEST_08791,17.0
TEST_08792,10.0
TEST_08793,10.0
TEST_08794,8.0
TEST_08795,1.0
TEST_08796,10.0
TEST_08797,12.0
TEST_08798,10.0
TEST_08799,10.0
TEST_08800,10.0
TEST_08801,1.0
TEST_08802,11.0
TEST_08803,8.0
TEST_08804,10.0
TEST_08805,10.0
TEST_08806,9.0
TEST_08807,8.0
TEST_08808,10.0
TEST_08809,10.0
TEST_08810,7.0
TEST_08811,10.0
TEST_08812,10.0
TEST_08813,10.0
TEST_08814,9.0
TEST_08815,8.0
TEST_08816,8.0
TEST_08817,10.0
TEST_08818,10.0
TEST_08819,13.0
TEST_08820,10.0
TEST_08821,11.0
TEST_08822,2.0
TEST_08823,10.0
TEST_08824,11.0
TEST_08825,2.0
TEST_08826,10.0
TEST_08827,12.0
TEST_08828,10.0
TEST_08829,12.0
TEST_08830,11.0
TEST_08831,10.0
TEST_08832,11.0
TEST_08833,11.0
TEST_08834,11.0
TEST_08835,3.0
TEST_08836,8.0
TEST_08837,10.0
TEST_08838,9.0
TEST_08839,10.0
TEST_08840,11.0
TEST_08841,10.0
TEST_08842,12.0
TEST_08843,10.0
TEST_08844,11.0
TEST_08845,11.0
TEST_08846,10.0
TEST_08847,11.0
TEST_08848,10.0
TEST_08849,10.0
TEST_08850,1.0
TEST_08851,10.0
TEST_08852,7.0
TEST_08853,11.0
TEST_08854,7.0
TEST_08855,10.0
TEST_08856,10.0
TEST_08857,1.0
TEST_08858,11.0
TEST_08859,11.0
TEST_08860,2.0
TEST_08861,10.0
TEST_08862,10.0
TEST_08863,11.0
TEST_08864,11.0
TEST_08865,21.0
TEST_08866,10.0
TEST_08867,11.0
TEST_08868,8.0
TEST_08869,10.0
TEST_08870,10.0
TEST_08871,8.0
TEST_08872,11.0
TEST_08873,5.0
TEST_08874,10.0
TEST_08875,11.0
TEST_08876,11.0
TEST_08877,11.0
TEST_08878,1.0
TEST_08879,13.0
TEST_08880,11.0
TEST_08881,17.0
TEST_08882,6.0
TEST_08883,11.0
TEST_08884,10.0
TEST_08885,13.0
TEST_08886,10.0
TEST_08887,2.0
TEST_08888,15.0
TEST_08889,12.0
TEST_08890,10.0
TEST_08891,11.0
TEST_08892,11.0
TEST_08893,11.0
TEST_08894,11.0
TEST_08895,11.0
TEST_08896,10.0
TEST_08897,10.0
TEST_08898,9.0
TEST_08899,11.0
TEST_08900,3.0
TEST_08901,8.0
TEST_08902,10.0
TEST_08903,10.0
TEST_08904,17.0
TEST_08905,10.0
TEST_08906,13.0
TEST_08907,11.0
TEST_08908,10.0
TEST_08909,11.0
TEST_08910,11.0
TEST_08911,7.0
TEST_08912,11.0
TEST_08913,10.0
TEST_08914,7.0
TEST_08915,11.0
TEST_08916,10.0
TEST_08917,11.0
TEST_08918,2.0
TEST_08919,19.0
TEST_08920,2.0
TEST_08921,10.0
TEST_08922,6.0
TEST_08923,10.0
TEST_08924,11.0
TEST_08925,10.0
TEST_08926,10.0
TEST_08927,2.0
TEST_08928,11.0
TEST_08929,13.0
TEST_08930,19.0
TEST_08931,11.0
TEST_08932,10.0
TEST_08933,11.0
TEST_08934,14.0
TEST_08935,9.0
TEST_08936,11.0
TEST_08937,9.0
TEST_08938,19.0
TEST_08939,11.0
TEST_08940,10.0
TEST_08941,3.0
TEST_08942,10.0
TEST_08943,11.0
TEST_08944,11.0
TEST_08945,17.0
TEST_08946,13.0
TEST_08947,6.0
TEST_08948,11.0
TEST_08949,10.0
TEST_08950,10.0
TEST_08951,10.0
TEST_08952,10.0
TEST_08953,10.0
TEST_08954,10.0
TEST_08955,10.0
TEST_08956,10.0
TEST_08957,14.0
TEST_08958,3.0
TEST_08959,10.0
TEST_08960,11.0
TEST_08961,11.0
TEST_08962,11.0
TEST_08963,11.0
TEST_08964,14.0
TEST_08965,2.0
TEST_08966,10.0
TEST_08967,10.0
TEST_08968,7.0
TEST_08969,3.0
TEST_08970,7.0
TEST_08971,11.0
TEST_08972,11.0
TEST_08973,10.0
TEST_08974,1.0
TEST_08975,6.0
TEST_08976,10.0
TEST_08977,2.0
TEST_08978,7.0
TEST_08979,11.0
TEST_08980,10.0
TEST_08981,10.0
TEST_08982,1.0
TEST_08983,9.0
TEST_08984,10.0
TEST_08985,10.0
TEST_08986,11.0
TEST_08987,11.0
TEST_08988,11.0
TEST_08989,11.0
TEST_08990,2.0
TEST_08991,11.0
TEST_08992,9.0
TEST_08993,8.0
TEST_08994,16.0
TEST_08995,11.0
TEST_08996,11.0
TEST_08997,11.0
TEST_08998,11.0
TEST_08999,11.0
TEST_09000,9.0
TEST_09001,9.0
TEST_09002,11.0
TEST_09003,12.0
TEST_09004,10.0
TEST_09005,10.0
TEST_09006,2.0
TEST_09007,11.0
TEST_09008,10.0
TEST_09009,15.0
TEST_09010,10.0
TEST_09011,2.0
TEST_09012,8.0
TEST_09013,10.0
TEST_09014,11.0
TEST_09015,5.0
TEST_09016,8.0
TEST_09017,13.0
TEST_09018,2.0
TEST_09019,11.0
TEST_09020,11.0
TEST_09021,3.0
TEST_09022,11.0
TEST_09023,10.0
TEST_09024,11.0
TEST_09025,3.0
TEST_09026,10.0
TEST_09027,13.0
TEST_09028,2.0
TEST_09029,10.0
TEST_09030,15.0
TEST_09031,9.0
TEST_09032,11.0
TEST_09033,10.0
TEST_09034,12.0
TEST_09035,17.0
TEST_09036,9.0
TEST_09037,10.0
TEST_09038,7.0
TEST_09039,11.0
TEST_09040,11.0
TEST_09041,7.0
TEST_09042,11.0
TEST_09043,10.0
TEST_09044,7.0
TEST_09045,21.0
TEST_09046,10.0
TEST_09047,11.0
TEST_09048,5.0
TEST_09049,11.0
TEST_09050,11.0
TEST_09051,10.0
TEST_09052,3.0
TEST_09053,18.0
TEST_09054,11.0
TEST_09055,10.0
TEST_09056,9.0
TEST_09057,11.0
TEST_09058,17.0
TEST_09059,10.0
TEST_09060,10.0
TEST_09061,11.0
TEST_09062,11.0
TEST_09063,11.0
TEST_09064,11.0
TEST_09065,8.0
TEST_09066,9.0
TEST_09067,11.0
TEST_09068,10.0
TEST_09069,10.0
TEST_09070,10.0
TEST_09071,10.0
TEST_09072,8.0
TEST_09073,3.0
TEST_09074,10.0
TEST_09075,11.0
TEST_09076,3.0
TEST_09077,3.0
TEST_09078,11.0
TEST_09079,16.0
TEST_09080,12.0
TEST_09081,12.0
TEST_09082,3.0
TEST_09083,11.0
TEST_09084,10.0
TEST_09085,11.0
TEST_09086,10.0
TEST_09087,12.0
TEST_09088,10.0
TEST_09089,3.0
TEST_09090,17.0
TEST_09091,9.0
TEST_09092,2.0
TEST_09093,15.0
TEST_09094,11.0
TEST_09095,11.0
TEST_09096,10.0
TEST_09097,10.0
TEST_09098,16.0
TEST_09099,11.0
TEST_09100,9.0
TEST_09101,15.0
TEST_09102,10.0
TEST_09103,10.0
TEST_09104,16.0
TEST_09105,11.0
TEST_09106,10.0
TEST_09107,10.0
TEST_09108,10.0
TEST_09109,10.0
TEST_09110,2.0
TEST_09111,10.0
TEST_09112,10.0
TEST_09113,2.0
TEST_09114,2.0
TEST_09115,10.0
TEST_09116,10.0
TEST_09117,11.0
TEST_09118,11.0
TEST_09119,11.0
TEST_09120,3.0
TEST_09121,8.0
TEST_09122,11.0
TEST_09123,11.0
TEST_09124,9.0
TEST_09125,11.0
TEST_09126,10.0
TEST_09127,11.0
TEST_09128,11.0
TEST_09129,15.0
TEST_09130,10.0
TEST_09131,11.0
TEST_09132,11.0
TEST_09133,11.0
TEST_09134,10.0
TEST_09135,11.0
TEST_09136,10.0
TEST_09137,11.0
TEST_09138,10.0
TEST_09139,12.0
TEST_09140,11.0
TEST_09141,10.0
TEST_09142,11.0
TEST_09143,17.0
TEST_09144,10.0
TEST_09145,5.0
TEST_09146,7.0
TEST_09147,11.0
TEST_09148,11.0
TEST_09149,11.0
TEST_09150,11.0
TEST_09151,9.0
TEST_09152,10.0
TEST_09153,10.0
TEST_09154,9.0
TEST_09155,10.0
TEST_09156,11.0
TEST_09157,9.0
TEST_09158,11.0
TEST_09159,10.0
TEST_09160,15.0
TEST_09161,10.0
TEST_09162,6.0
TEST_09163,9.0
TEST_09164,11.0
TEST_09165,11.0
TEST_09166,9.0
TEST_09167,11.0
TEST_09168,11.0
TEST_09169,11.0
TEST_09170,12.0
TEST_09171,8.0
TEST_09172,14.0
TEST_09173,10.0
TEST_09174,12.0
TEST_09175,10.0
TEST_09176,11.0
TEST_09177,11.0
TEST_09178,11.0
TEST_09179,10.0
TEST_09180,11.0
TEST_09181,11.0
TEST_09182,15.0
TEST_09183,11.0
TEST_09184,3.0
TEST_09185,10.0
TEST_09186,21.0
TEST_09187,11.0
TEST_09188,10.0
TEST_09189,13.0
TEST_09190,10.0
TEST_09191,10.0
TEST_09192,10.0
TEST_09193,10.0
TEST_09194,11.0
TEST_09195,6.0
TEST_09196,11.0
TEST_09197,12.0
TEST_09198,11.0
TEST_09199,11.0
TEST_09200,2.0
TEST_09201,2.0
TEST_09202,10.0
TEST_09203,12.0
TEST_09204,2.0
TEST_09205,11.0
TEST_09206,13.0
TEST_09207,10.0
TEST_09208,11.0
TEST_09209,10.0
TEST_09210,3.0
TEST_09211,11.0
TEST_09212,7.0
TEST_09213,10.0
TEST_09214,9.0
TEST_09215,14.0
TEST_09216,7.0
TEST_09217,14.0
TEST_09218,11.0
TEST_09219,9.0
TEST_09220,10.0
TEST_09221,9.0
TEST_09222,5.0
TEST_09223,12.0
TEST_09224,11.0
TEST_09225,14.0
TEST_09226,11.0
TEST_09227,9.0
TEST_09228,11.0
TEST_09229,2.0
TEST_09230,10.0
TEST_09231,10.0
TEST_09232,19.0
TEST_09233,2.0
TEST_09234,10.0
TEST_09235,14.0
TEST_09236,10.0
TEST_09237,16.0
TEST_09238,10.0
TEST_09239,11.0
TEST_09240,9.0
TEST_09241,10.0
TEST_09242,10.0
TEST_09243,10.0
TEST_09244,10.0
TEST_09245,9.0
TEST_09246,10.0
TEST_09247,10.0
TEST_09248,21.0
TEST_09249,11.0
TEST_09250,2.0
TEST_09251,11.0
TEST_09252,10.0
TEST_09253,13.0
TEST_09254,10.0
TEST_09255,10.0
TEST_09256,10.0
TEST_09257,10.0
TEST_09258,11.0
TEST_09259,11.0
TEST_09260,2.0
TEST_09261,11.0
TEST_09262,3.0
TEST_09263,8.0
TEST_09264,11.0
TEST_09265,10.0
TEST_09266,10.0
TEST_09267,13.0
TEST_09268,10.0
TEST_09269,11.0
TEST_09270,8.0
TEST_09271,3.0
TEST_09272,8.0
TEST_09273,17.0
TEST_09274,10.0
TEST_09275,11.0
TEST_09276,11.0
TEST_09277,12.0
TEST_09278,10.0
TEST_09279,10.0
TEST_09280,10.0
TEST_09281,12.0
TEST_09282,10.0
TEST_09283,11.0
TEST_09284,9.0
TEST_09285,7.0
TEST_09286,3.0
TEST_09287,10.0
TEST_09288,10.0
TEST_09289,11.0
TEST_09290,11.0
TEST_09291,2.0
TEST_09292,11.0
TEST_09293,11.0
TEST_09294,6.0
TEST_09295,11.0
TEST_09296,19.0
TEST_09297,10.0
TEST_09298,10.0
TEST_09299,10.0
TEST_09300,10.0
TEST_09301,10.0
TEST_09302,16.0
TEST_09303,10.0
TEST_09304,10.0
TEST_09305,10.0
TEST_09306,10.0
TEST_09307,10.0
TEST_09308,16.0
TEST_09309,2.0
TEST_09310,9.0
TEST_09311,8.0
TEST_09312,10.0
TEST_09313,5.0
TEST_09314,10.0
TEST_09315,17.0
TEST_09316,11.0
TEST_09317,10.0
TEST_09318,11.0
TEST_09319,10.0
TEST_09320,11.0
TEST_09321,11.0
TEST_09322,15.0
TEST_09323,9.0
TEST_09324,11.0
TEST_09325,3.0
TEST_09326,11.0
TEST_09327,10.0
TEST_09328,10.0
TEST_09329,11.0
TEST_09330,12.0
TEST_09331,11.0
TEST_09332,14.0
TEST_09333,10.0
TEST_09334,3.0
TEST_09335,8.0
TEST_09336,11.0
TEST_09337,10.0
TEST_09338,10.0
TEST_09339,10.0
TEST_09340,11.0
TEST_09341,10.0
TEST_09342,10.0
TEST_09343,10.0
TEST_09344,10.0
TEST_09345,10.0
TEST_09346,8.0
TEST_09347,10.0
TEST_09348,2.0
TEST_09349,11.0
TEST_09350,9.0
TEST_09351,10.0
TEST_09352,11.0
TEST_09353,3.0
TEST_09354,11.0
TEST_09355,10.0
TEST_09356,9.0
TEST_09357,11.0
TEST_09358,10.0
TEST_09359,10.0
TEST_09360,10.0
TEST_09361,20.0
TEST_09362,11.0
TEST_09363,10.0
TEST_09364,9.0
TEST_09365,12.0
TEST_09366,11.0
TEST_09367,12.0
TEST_09368,11.0
TEST_09369,8.0
TEST_09370,10.0
TEST_09371,8.0
TEST_09372,11.0
TEST_09373,11.0
TEST_09374,2.0
TEST_09375,5.0
TEST_09376,10.0
TEST_09377,10.0
TEST_09378,11.0
TEST_09379,10.0
TEST_09380,11.0
TEST_09381,10.0
TEST_09382,5.0
TEST_09383,9.0
TEST_09384,17.0
TEST_09385,11.0
TEST_09386,11.0
TEST_09387,10.0
TEST_09388,10.0
TEST_09389,12.0
TEST_09390,14.0
TEST_09391,10.0
TEST_09392,8.0
TEST_09393,10.0
TEST_09394,8.0
TEST_09395,11.0
TEST_09396,11.0
TEST_09397,11.0
TEST_09398,10.0
TEST_09399,12.0
TEST_09400,13.0
TEST_09401,11.0
TEST_09402,10.0
TEST_09403,11.0
TEST_09404,10.0
TEST_09405,11.0
TEST_09406,19.0
TEST_09407,11.0
TEST_09408,3.0
TEST_09409,11.0
TEST_09410,10.0
TEST_09411,10.0
TEST_09412,10.0
TEST_09413,13.0
TEST_09414,11.0
TEST_09415,17.0
TEST_09416,4.0
TEST_09417,10.0
TEST_09418,11.0
TEST_09419,14.0
TEST_09420,2.0
TEST_09421,12.0
TEST_09422,11.0
TEST_09423,9.0
TEST_09424,10.0
TEST_09425,10.0
TEST_09426,10.0
TEST_09427,15.0
TEST_09428,7.0
TEST_09429,9.0
TEST_09430,10.0
TEST_09431,11.0
TEST_09432,10.0
TEST_09433,15.0
TEST_09434,10.0
TEST_09435,10.0
TEST_09436,3.0
TEST_09437,2.0
TEST_09438,9.0
TEST_09439,11.0
TEST_09440,11.0
TEST_09441,10.0
TEST_09442,10.0
TEST_09443,10.0
TEST_09444,7.0
TEST_09445,7.0
TEST_09446,10.0
TEST_09447,8.0
TEST_09448,11.0
TEST_09449,8.0
TEST_09450,10.0
TEST_09451,10.0
TEST_09452,10.0
TEST_09453,10.0
TEST_09454,10.0
TEST_09455,8.0
TEST_09456,9.0
TEST_09457,12.0
TEST_09458,12.0
TEST_09459,10.0
TEST_09460,11.0
TEST_09461,10.0
TEST_09462,11.0
TEST_09463,10.0
TEST_09464,13.0
TEST_09465,10.0
TEST_09466,14.0
TEST_09467,10.0
TEST_09468,3.0
TEST_09469,12.0
TEST_09470,11.0
TEST_09471,9.0
TEST_09472,12.0
TEST_09473,10.0
TEST_09474,11.0
TEST_09475,15.0
TEST_09476,1.0
TEST_09477,8.0
TEST_09478,2.0
TEST_09479,8.0
TEST_09480,5.0
TEST_09481,11.0
TEST_09482,7.0
TEST_09483,3.0
TEST_09484,13.0
TEST_09485,11.0
TEST_09486,10.0
TEST_09487,4.0
TEST_09488,6.0
TEST_09489,10.0
TEST_09490,10.0
TEST_09491,10.0
TEST_09492,17.0
TEST_09493,11.0
TEST_09494,10.0
TEST_09495,12.0
TEST_09496,5.0
TEST_09497,14.0
TEST_09498,11.0
TEST_09499,10.0
TEST_09500,11.0
TEST_09501,9.0
TEST_09502,9.0
TEST_09503,10.0
TEST_09504,10.0
TEST_09505,8.0
TEST_09506,10.0
TEST_09507,10.0
TEST_09508,1.0
TEST_09509,10.0
TEST_09510,13.0
TEST_09511,2.0
TEST_09512,10.0
TEST_09513,10.0
TEST_09514,10.0
TEST_09515,11.0
TEST_09516,10.0
TEST_09517,11.0
TEST_09518,10.0
TEST_09519,10.0
TEST_09520,10.0
TEST_09521,22.0
TEST_09522,11.0
TEST_09523,5.0
TEST_09524,14.0
TEST_09525,10.0
TEST_09526,18.0
TEST_09527,3.0
TEST_09528,3.0
TEST_09529,13.0
TEST_09530,10.0
TEST_09531,11.0
TEST_09532,7.0
TEST_09533,13.0
TEST_09534,8.0
TEST_09535,19.0
TEST_09536,15.0
TEST_09537,11.0
TEST_09538,13.0
TEST_09539,10.0
TEST_09540,9.0
TEST_09541,5.0
TEST_09542,10.0
TEST_09543,9.0
TEST_09544,10.0
TEST_09545,11.0
TEST_09546,9.0
TEST_09547,8.0
TEST_09548,10.0
TEST_09549,8.0
TEST_09550,10.0
TEST_09551,10.0
TEST_09552,11.0
TEST_09553,10.0
TEST_09554,10.0
TEST_09555,10.0
TEST_09556,7.0
TEST_09557,10.0
TEST_09558,11.0
TEST_09559,18.0
TEST_09560,11.0
TEST_09561,16.0
TEST_09562,11.0
TEST_09563,10.0
TEST_09564,13.0
TEST_09565,11.0
TEST_09566,10.0
TEST_09567,4.0
TEST_09568,10.0
TEST_09569,10.0
TEST_09570,11.0
TEST_09571,11.0
TEST_09572,11.0
TEST_09573,11.0
TEST_09574,11.0
TEST_09575,10.0
TEST_09576,10.0
TEST_09577,11.0
TEST_09578,10.0
TEST_09579,11.0
TEST_09580,11.0
TEST_09581,11.0
TEST_09582,2.0
TEST_09583,6.0
TEST_09584,10.0
TEST_09585,11.0
TEST_09586,11.0
TEST_09587,10.0
TEST_09588,10.0
TEST_09589,12.0
TEST_09590,11.0
TEST_09591,9.0
TEST_09592,11.0
TEST_09593,10.0
TEST_09594,6.0
TEST_09595,11.0
TEST_09596,8.0
TEST_09597,10.0
TEST_09598,19.0
TEST_09599,10.0
TEST_09600,10.0
TEST_09601,15.0
TEST_09602,11.0
TEST_09603,10.0
TEST_09604,10.0
TEST_09605,15.0
TEST_09606,10.0
TEST_09607,11.0
TEST_09608,3.0
TEST_09609,10.0
TEST_09610,11.0
TEST_09611,10.0
TEST_09612,10.0
TEST_09613,16.0
TEST_09614,10.0
TEST_09615,11.0
TEST_09616,11.0
TEST_09617,8.0
TEST_09618,2.0
TEST_09619,2.0
TEST_09620,2.0
TEST_09621,11.0
TEST_09622,11.0
TEST_09623,10.0
TEST_09624,12.0
TEST_09625,10.0
TEST_09626,14.0
TEST_09627,2.0
TEST_09628,10.0
TEST_09629,4.0
TEST_09630,10.0
TEST_09631,2.0
TEST_09632,15.0
TEST_09633,5.0
TEST_09634,16.0
TEST_09635,2.0
TEST_09636,12.0
TEST_09637,10.0
TEST_09638,12.0
TEST_09639,8.0
TEST_09640,19.0
TEST_09641,18.0
TEST_09642,11.0
TEST_09643,10.0
TEST_09644,10.0
TEST_09645,10.0
TEST_09646,12.0
TEST_09647,10.0
TEST_09648,9.0
TEST_09649,11.0
TEST_09650,12.0
TEST_09651,12.0
TEST_09652,10.0
TEST_09653,10.0
TEST_09654,2.0
TEST_09655,10.0
TEST_09656,11.0
TEST_09657,8.0
TEST_09658,10.0
TEST_09659,11.0
TEST_09660,11.0
TEST_09661,11.0
TEST_09662,10.0
TEST_09663,16.0
TEST_09664,9.0
TEST_09665,1.0
TEST_09666,11.0
TEST_09667,8.0
TEST_09668,10.0
TEST_09669,11.0
TEST_09670,10.0
TEST_09671,10.0
TEST_09672,6.0
TEST_09673,10.0
TEST_09674,11.0
TEST_09675,10.0
TEST_09676,11.0
TEST_09677,10.0
TEST_09678,9.0
TEST_09679,10.0
TEST_09680,11.0
TEST_09681,9.0
TEST_09682,10.0
TEST_09683,9.0
TEST_09684,10.0
TEST_09685,5.0
TEST_09686,1.0
TEST_09687,10.0
TEST_09688,8.0
TEST_09689,10.0
TEST_09690,20.0
TEST_09691,11.0
TEST_09692,11.0
TEST_09693,11.0
TEST_09694,10.0
TEST_09695,9.0
TEST_09696,11.0
TEST_09697,3.0
TEST_09698,11.0
TEST_09699,12.0
TEST_09700,10.0
TEST_09701,10.0
TEST_09702,9.0
TEST_09703,10.0
TEST_09704,11.0
TEST_09705,10.0
TEST_09706,2.0
TEST_09707,9.0
TEST_09708,11.0
TEST_09709,13.0
TEST_09710,10.0
TEST_09711,11.0
TEST_09712,9.0
TEST_09713,5.0
TEST_09714,17.0
TEST_09715,11.0
TEST_09716,12.0
TEST_09717,11.0
TEST_09718,10.0
TEST_09719,10.0
TEST_09720,10.0
TEST_09721,10.0
TEST_09722,11.0
TEST_09723,15.0
TEST_09724,10.0
TEST_09725,10.0
TEST_09726,15.0
TEST_09727,16.0
TEST_09728,11.0
TEST_09729,11.0
TEST_09730,10.0
TEST_09731,10.0
TEST_09732,8.0
TEST_09733,10.0
TEST_09734,8.0
TEST_09735,10.0
TEST_09736,10.0
TEST_09737,10.0
TEST_09738,10.0
TEST_09739,10.0
TEST_09740,10.0
TEST_09741,11.0
TEST_09742,10.0
TEST_09743,10.0
TEST_09744,11.0
TEST_09745,18.0
TEST_09746,7.0
TEST_09747,10.0
TEST_09748,11.0
TEST_09749,10.0
TEST_09750,11.0
TEST_09751,11.0
TEST_09752,11.0
TEST_09753,11.0
TEST_09754,10.0
TEST_09755,10.0
TEST_09756,10.0
TEST_09757,16.0
TEST_09758,11.0
TEST_09759,14.0
TEST_09760,9.0
TEST_09761,11.0
TEST_09762,11.0
TEST_09763,19.0
TEST_09764,10.0
TEST_09765,11.0
TEST_09766,10.0
TEST_09767,17.0
TEST_09768,14.0
TEST_09769,10.0
TEST_09770,10.0
TEST_09771,1.0
TEST_09772,10.0
TEST_09773,10.0
TEST_09774,10.0
TEST_09775,10.0
TEST_09776,12.0
TEST_09777,2.0
TEST_09778,10.0
TEST_09779,10.0
TEST_09780,10.0
TEST_09781,8.0
TEST_09782,12.0
TEST_09783,11.0
TEST_09784,9.0
TEST_09785,11.0
TEST_09786,11.0
TEST_09787,13.0
TEST_09788,11.0
TEST_09789,11.0
TEST_09790,11.0
TEST_09791,10.0
TEST_09792,4.0
TEST_09793,9.0
TEST_09794,10.0
TEST_09795,11.0
TEST_09796,11.0
TEST_09797,10.0
TEST_09798,7.0
TEST_09799,10.0
TEST_09800,10.0
TEST_09801,11.0
TEST_09802,10.0
TEST_09803,10.0
TEST_09804,10.0
TEST_09805,13.0
TEST_09806,10.0
TEST_09807,12.0
TEST_09808,10.0
TEST_09809,11.0
TEST_09810,10.0
TEST_09811,11.0
TEST_09812,10.0
TEST_09813,10.0
TEST_09814,8.0
TEST_09815,10.0
TEST_09816,9.0
TEST_09817,10.0
TEST_09818,7.0
TEST_09819,10.0
TEST_09820,11.0
TEST_09821,10.0
TEST_09822,11.0
TEST_09823,8.0
TEST_09824,10.0
TEST_09825,10.0
TEST_09826,13.0
TEST_09827,11.0
TEST_09828,10.0
TEST_09829,21.0
TEST_09830,10.0
TEST_09831,11.0
TEST_09832,11.0
TEST_09833,2.0
TEST_09834,10.0
TEST_09835,10.0
TEST_09836,10.0
TEST_09837,11.0
TEST_09838,2.0
TEST_09839,1.0
TEST_09840,16.0
TEST_09841,10.0
TEST_09842,10.0
TEST_09843,12.0
TEST_09844,10.0
TEST_09845,12.0
TEST_09846,3.0
TEST_09847,14.0
TEST_09848,10.0
TEST_09849,11.0
TEST_09850,11.0
TEST_09851,11.0
TEST_09852,10.0
TEST_09853,14.0
TEST_09854,11.0
TEST_09855,13.0
TEST_09856,11.0
TEST_09857,12.0
TEST_09858,11.0
TEST_09859,10.0
TEST_09860,13.0
TEST_09861,11.0
TEST_09862,10.0
TEST_09863,14.0
TEST_09864,11.0
TEST_09865,10.0
TEST_09866,11.0
TEST_09867,11.0
TEST_09868,10.0
TEST_09869,11.0
TEST_09870,10.0
TEST_09871,15.0
TEST_09872,11.0
TEST_09873,12.0
TEST_09874,10.0
TEST_09875,8.0
TEST_09876,3.0
TEST_09877,10.0
TEST_09878,14.0
TEST_09879,11.0
TEST_09880,6.0
TEST_09881,12.0
TEST_09882,10.0
TEST_09883,8.0
TEST_09884,12.0
TEST_09885,1.0
TEST_09886,17.0
TEST_09887,14.0
TEST_09888,11.0
TEST_09889,3.0
TEST_09890,12.0
TEST_09891,11.0
TEST_09892,11.0
TEST_09893,14.0
TEST_09894,10.0
TEST_09895,10.0
TEST_09896,10.0
TEST_09897,13.0
TEST_09898,10.0
TEST_09899,10.0
TEST_09900,11.0
TEST_09901,11.0
TEST_09902,2.0
TEST_09903,10.0
TEST_09904,12.0
TEST_09905,11.0
TEST_09906,12.0
TEST_09907,6.0
TEST_09908,10.0
TEST_09909,3.0
TEST_09910,11.0
TEST_09911,12.0
TEST_09912,10.0
TEST_09913,10.0
TEST_09914,10.0
TEST_09915,11.0
TEST_09916,10.0
TEST_09917,10.0
TEST_09918,11.0
TEST_09919,10.0
TEST_09920,10.0
TEST_09921,18.0
TEST_09922,10.0
TEST_09923,11.0
TEST_09924,10.0
TEST_09925,15.0
TEST_09926,15.0
TEST_09927,11.0
TEST_09928,12.0
TEST_09929,10.0
TEST_09930,1.0
TEST_09931,11.0
TEST_09932,10.0
TEST_09933,11.0
TEST_09934,1.0
TEST_09935,2.0
TEST_09936,10.0
TEST_09937,9.0
TEST_09938,6.0
TEST_09939,10.0
TEST_09940,10.0
TEST_09941,11.0
TEST_09942,8.0
TEST_09943,10.0
TEST_09944,11.0
TEST_09945,10.0
TEST_09946,14.0
TEST_09947,11.0
TEST_09948,9.0
TEST_09949,1.0
TEST_09950,2.0
TEST_09951,11.0
TEST_09952,8.0
TEST_09953,10.0
TEST_09954,10.0
TEST_09955,11.0
TEST_09956,11.0
TEST_09957,8.0
TEST_09958,11.0
TEST_09959,14.0
TEST_09960,9.0
TEST_09961,10.0
TEST_09962,19.0
TEST_09963,18.0
TEST_09964,10.0
TEST_09965,10.0
TEST_09966,11.0
TEST_09967,10.0
TEST_09968,11.0
TEST_09969,12.0
TEST_09970,12.0
TEST_09971,10.0
TEST_09972,7.0
TEST_09973,10.0
TEST_09974,9.0
TEST_09975,10.0
TEST_09976,11.0
TEST_09977,1.0
TEST_09978,11.0
TEST_09979,13.0
TEST_09980,16.0
TEST_09981,9.0
TEST_09982,2.0
TEST_09983,9.0
TEST_09984,10.0
TEST_09985,8.0
TEST_09986,13.0
TEST_09987,11.0
TEST_09988,11.0
TEST_09989,10.0
TEST_09990,11.0
TEST_09991,10.0
TEST_09992,10.0
TEST_09993,10.0
TEST_09994,9.0
TEST_09995,10.0
TEST_09996,11.0
TEST_09997,10.0
TEST_09998,9.0
TEST_09999,8.0
TEST_10000,1.0
TEST_10001,9.0
TEST_10002,10.0
TEST_10003,11.0
TEST_10004,10.0
TEST_10005,10.0
TEST_10006,10.0
TEST_10007,19.0
TEST_10008,11.0
TEST_10009,10.0
TEST_10010,11.0
TEST_10011,10.0
TEST_10012,11.0
TEST_10013,10.0
TEST_10014,10.0
TEST_10015,15.0
TEST_10016,2.0
TEST_10017,10.0
TEST_10018,10.0
TEST_10019,20.0
TEST_10020,10.0
TEST_10021,11.0
TEST_10022,10.0
TEST_10023,10.0
TEST_10024,11.0
TEST_10025,10.0
TEST_10026,13.0
TEST_10027,5.0
TEST_10028,10.0
TEST_10029,13.0
TEST_10030,9.0
TEST_10031,12.0
TEST_10032,8.0
TEST_10033,15.0
TEST_10034,10.0
TEST_10035,10.0
TEST_10036,10.0
TEST_10037,11.0
TEST_10038,11.0
TEST_10039,10.0
TEST_10040,11.0
TEST_10041,10.0
TEST_10042,11.0
TEST_10043,11.0
TEST_10044,10.0
TEST_10045,14.0
TEST_10046,11.0
TEST_10047,10.0
TEST_10048,6.0
TEST_10049,4.0
TEST_10050,8.0
TEST_10051,17.0
TEST_10052,11.0
TEST_10053,10.0
TEST_10054,11.0
TEST_10055,10.0
TEST_10056,10.0
TEST_10057,10.0
TEST_10058,10.0
TEST_10059,3.0
TEST_10060,8.0
TEST_10061,10.0
TEST_10062,3.0
TEST_10063,12.0
TEST_10064,11.0
TEST_10065,10.0
TEST_10066,10.0
TEST_10067,10.0
TEST_10068,10.0
TEST_10069,1.0
TEST_10070,11.0
TEST_10071,11.0
TEST_10072,10.0
TEST_10073,9.0
TEST_10074,11.0
TEST_10075,10.0
TEST_10076,10.0
TEST_10077,9.0
TEST_10078,11.0
TEST_10079,10.0
TEST_10080,10.0
TEST_10081,11.0
TEST_10082,11.0
TEST_10083,10.0
TEST_10084,10.0
TEST_10085,10.0
TEST_10086,10.0
TEST_10087,8.0
TEST_10088,2.0
TEST_10089,10.0
TEST_10090,10.0
TEST_10091,16.0
TEST_10092,10.0
TEST_10093,10.0
TEST_10094,1.0
TEST_10095,11.0
TEST_10096,10.0
TEST_10097,9.0
TEST_10098,10.0
TEST_10099,10.0
TEST_10100,11.0
TEST_10101,7.0
TEST_10102,11.0
TEST_10103,10.0
TEST_10104,11.0
TEST_10105,11.0
TEST_10106,10.0
TEST_10107,10.0
TEST_10108,10.0
TEST_10109,8.0
TEST_10110,16.0
TEST_10111,14.0
TEST_10112,10.0
TEST_10113,10.0
TEST_10114,10.0
TEST_10115,5.0
TEST_10116,11.0
TEST_10117,10.0
TEST_10118,6.0
TEST_10119,11.0
TEST_10120,11.0
TEST_10121,10.0
TEST_10122,11.0
TEST_10123,10.0
TEST_10124,9.0
TEST_10125,12.0
TEST_10126,4.0
TEST_10127,7.0
TEST_10128,11.0
TEST_10129,10.0
TEST_10130,10.0
TEST_10131,12.0
TEST_10132,11.0
TEST_10133,17.0
TEST_10134,10.0
TEST_10135,6.0
TEST_10136,10.0
TEST_10137,10.0
TEST_10138,11.0
TEST_10139,11.0
TEST_10140,11.0
TEST_10141,10.0
TEST_10142,3.0
TEST_10143,1.0
TEST_10144,3.0
TEST_10145,15.0
TEST_10146,9.0
TEST_10147,11.0
TEST_10148,10.0
TEST_10149,10.0
TEST_10150,10.0
TEST_10151,10.0
TEST_10152,11.0
TEST_10153,2.0
TEST_10154,11.0
TEST_10155,11.0
TEST_10156,10.0
TEST_10157,10.0
TEST_10158,11.0
TEST_10159,6.0
TEST_10160,10.0
TEST_10161,10.0
TEST_10162,10.0
TEST_10163,6.0
TEST_10164,11.0
TEST_10165,2.0
TEST_10166,10.0
TEST_10167,10.0
TEST_10168,14.0
TEST_10169,1.0
TEST_10170,10.0
TEST_10171,11.0
TEST_10172,13.0
TEST_10173,11.0
TEST_10174,2.0
TEST_10175,11.0
TEST_10176,11.0
TEST_10177,10.0
TEST_10178,10.0
TEST_10179,10.0
TEST_10180,11.0
TEST_10181,5.0
TEST_10182,10.0
TEST_10183,2.0
TEST_10184,12.0
TEST_10185,9.0
TEST_10186,19.0
TEST_10187,9.0
TEST_10188,12.0
TEST_10189,10.0
TEST_10190,12.0
TEST_10191,10.0
TEST_10192,9.0
TEST_10193,10.0
TEST_10194,10.0
TEST_10195,10.0
TEST_10196,10.0
TEST_10197,10.0
TEST_10198,15.0
TEST_10199,11.0
TEST_10200,10.0
TEST_10201,10.0
TEST_10202,11.0
TEST_10203,7.0
TEST_10204,10.0
TEST_10205,13.0
TEST_10206,10.0
TEST_10207,17.0
TEST_10208,15.0
TEST_10209,2.0
TEST_10210,10.0
TEST_10211,8.0
TEST_10212,8.0
TEST_10213,10.0
TEST_10214,4.0
TEST_10215,11.0
TEST_10216,10.0
TEST_10217,11.0
TEST_10218,9.0
TEST_10219,11.0
TEST_10220,7.0
TEST_10221,10.0
TEST_10222,14.0
TEST_10223,9.0
TEST_10224,11.0
TEST_10225,10.0
TEST_10226,20.0
TEST_10227,10.0
TEST_10228,8.0
TEST_10229,12.0
TEST_10230,10.0
TEST_10231,9.0
TEST_10232,10.0
TEST_10233,11.0
TEST_10234,10.0
TEST_10235,11.0
TEST_10236,10.0
TEST_10237,11.0
TEST_10238,11.0
TEST_10239,14.0
TEST_10240,10.0
TEST_10241,10.0
TEST_10242,6.0
TEST_10243,14.0
TEST_10244,11.0
TEST_10245,3.0
TEST_10246,10.0
TEST_10247,8.0
TEST_10248,10.0
TEST_10249,10.0
TEST_10250,11.0
TEST_10251,4.0
TEST_10252,10.0
TEST_10253,12.0
TEST_10254,10.0
TEST_10255,10.0
TEST_10256,11.0
TEST_10257,1.0
TEST_10258,12.0
TEST_10259,5.0
TEST_10260,11.0
TEST_10261,20.0
TEST_10262,8.0
TEST_10263,9.0
TEST_10264,10.0
TEST_10265,10.0
TEST_10266,8.0
TEST_10267,10.0
TEST_10268,10.0
TEST_10269,10.0
TEST_10270,11.0
TEST_10271,14.0
TEST_10272,12.0
TEST_10273,8.0
TEST_10274,11.0
TEST_10275,9.0
TEST_10276,10.0
TEST_10277,10.0
TEST_10278,20.0
TEST_10279,10.0
TEST_10280,19.0
TEST_10281,11.0
TEST_10282,10.0
TEST_10283,10.0
TEST_10284,11.0
TEST_10285,11.0
TEST_10286,5.0
TEST_10287,1.0
TEST_10288,10.0
TEST_10289,11.0
TEST_10290,10.0
TEST_10291,10.0
TEST_10292,10.0
TEST_10293,7.0
TEST_10294,11.0
TEST_10295,10.0
TEST_10296,11.0
TEST_10297,2.0
TEST_10298,2.0
TEST_10299,3.0
TEST_10300,11.0
TEST_10301,10.0
TEST_10302,11.0
TEST_10303,12.0
TEST_10304,8.0
TEST_10305,11.0
TEST_10306,17.0
TEST_10307,11.0
TEST_10308,8.0
TEST_10309,11.0
TEST_10310,18.0
TEST_10311,11.0
TEST_10312,9.0
TEST_10313,10.0
TEST_10314,11.0
TEST_10315,10.0
TEST_10316,10.0
TEST_10317,10.0
TEST_10318,11.0
TEST_10319,10.0
TEST_10320,10.0
TEST_10321,16.0
TEST_10322,10.0
TEST_10323,10.0
TEST_10324,20.0
TEST_10325,9.0
TEST_10326,10.0
TEST_10327,12.0
TEST_10328,10.0
TEST_10329,11.0
TEST_10330,11.0
TEST_10331,7.0
TEST_10332,11.0
TEST_10333,11.0
TEST_10334,11.0
TEST_10335,10.0
TEST_10336,3.0
TEST_10337,12.0
TEST_10338,11.0
TEST_10339,9.0
TEST_10340,11.0
TEST_10341,14.0
TEST_10342,11.0
TEST_10343,11.0
TEST_10344,8.0
TEST_10345,10.0
TEST_10346,11.0
TEST_10347,4.0
TEST_10348,10.0
TEST_10349,10.0
TEST_10350,10.0
TEST_10351,10.0
TEST_10352,11.0
TEST_10353,11.0
TEST_10354,11.0
TEST_10355,11.0
TEST_10356,15.0
TEST_10357,10.0
TEST_10358,11.0
TEST_10359,10.0
TEST_10360,13.0
TEST_10361,10.0
TEST_10362,11.0
TEST_10363,11.0
TEST_10364,12.0
TEST_10365,11.0
TEST_10366,6.0
TEST_10367,11.0
TEST_10368,10.0
TEST_10369,10.0
TEST_10370,2.0
TEST_10371,11.0
TEST_10372,11.0
TEST_10373,10.0
TEST_10374,9.0
TEST_10375,11.0
TEST_10376,15.0
TEST_10377,11.0
TEST_10378,10.0
TEST_10379,10.0
TEST_10380,11.0
TEST_10381,14.0
TEST_10382,10.0
TEST_10383,10.0
TEST_10384,11.0
TEST_10385,12.0
TEST_10386,10.0
TEST_10387,10.0
TEST_10388,10.0
TEST_10389,11.0
TEST_10390,14.0
TEST_10391,10.0
TEST_10392,9.0
TEST_10393,11.0
TEST_10394,11.0
TEST_10395,11.0
TEST_10396,10.0
TEST_10397,11.0
TEST_10398,10.0
TEST_10399,11.0
TEST_10400,13.0
TEST_10401,10.0
TEST_10402,10.0
TEST_10403,10.0
TEST_10404,3.0
TEST_10405,2.0
TEST_10406,10.0
TEST_10407,12.0
TEST_10408,11.0
TEST_10409,11.0
TEST_10410,18.0
TEST_10411,10.0
TEST_10412,10.0
TEST_10413,10.0
TEST_10414,12.0
TEST_10415,13.0
TEST_10416,11.0
TEST_10417,12.0
TEST_10418,10.0
TEST_10419,7.0
TEST_10420,11.0
TEST_10421,10.0
TEST_10422,10.0
TEST_10423,4.0
TEST_10424,11.0
TEST_10425,5.0
TEST_10426,17.0
TEST_10427,6.0
TEST_10428,11.0
TEST_10429,18.0
TEST_10430,2.0
TEST_10431,11.0
TEST_10432,11.0
TEST_10433,11.0
TEST_10434,10.0
TEST_10435,3.0
TEST_10436,11.0
TEST_10437,14.0
TEST_10438,11.0
TEST_10439,10.0
TEST_10440,11.0
TEST_10441,3.0
TEST_10442,10.0
TEST_10443,13.0
TEST_10444,10.0
TEST_10445,10.0
TEST_10446,9.0
TEST_10447,13.0
TEST_10448,11.0
TEST_10449,10.0
TEST_10450,10.0
TEST_10451,9.0
TEST_10452,12.0
TEST_10453,10.0
TEST_10454,5.0
TEST_10455,11.0
TEST_10456,10.0
TEST_10457,12.0
TEST_10458,10.0
TEST_10459,10.0
TEST_10460,7.0
TEST_10461,7.0
TEST_10462,10.0
TEST_10463,8.0
TEST_10464,11.0
TEST_10465,9.0
TEST_10466,20.0
TEST_10467,10.0
TEST_10468,10.0
TEST_10469,10.0
TEST_10470,9.0
TEST_10471,13.0
TEST_10472,10.0
TEST_10473,11.0
TEST_10474,7.0
TEST_10475,11.0
TEST_10476,10.0
TEST_10477,7.0
TEST_10478,10.0
TEST_10479,11.0
TEST_10480,10.0
TEST_10481,10.0
TEST_10482,10.0
TEST_10483,8.0
TEST_10484,10.0
TEST_10485,9.0
TEST_10486,11.0
TEST_10487,2.0
TEST_10488,9.0
TEST_10489,1.0
TEST_10490,7.0
TEST_10491,10.0
TEST_10492,11.0
TEST_10493,11.0
TEST_10494,11.0
TEST_10495,11.0
TEST_10496,11.0
TEST_10497,13.0
TEST_10498,11.0
TEST_10499,5.0
TEST_10500,11.0
TEST_10501,11.0
TEST_10502,14.0
TEST_10503,2.0
TEST_10504,8.0
TEST_10505,9.0
TEST_10506,11.0
TEST_10507,10.0
TEST_10508,10.0
TEST_10509,11.0
TEST_10510,4.0
TEST_10511,11.0
TEST_10512,2.0
TEST_10513,10.0
TEST_10514,11.0
TEST_10515,11.0
TEST_10516,11.0
TEST_10517,11.0
TEST_10518,2.0
TEST_10519,11.0
TEST_10520,10.0
TEST_10521,11.0
TEST_10522,11.0
TEST_10523,11.0
TEST_10524,10.0
TEST_10525,1.0
TEST_10526,3.0
TEST_10527,11.0
TEST_10528,9.0
TEST_10529,10.0
TEST_10530,11.0
TEST_10531,3.0
TEST_10532,6.0
TEST_10533,5.0
TEST_10534,11.0
TEST_10535,6.0
TEST_10536,5.0
TEST_10537,14.0
TEST_10538,15.0
TEST_10539,10.0
TEST_10540,11.0
TEST_10541,10.0
TEST_10542,10.0
TEST_10543,2.0
TEST_10544,2.0
TEST_10545,10.0
TEST_10546,10.0
TEST_10547,10.0
TEST_10548,10.0
TEST_10549,8.0
TEST_10550,10.0
TEST_10551,8.0
TEST_10552,11.0
TEST_10553,2.0
TEST_10554,1.0
TEST_10555,10.0
TEST_10556,8.0
TEST_10557,10.0
TEST_10558,16.0
TEST_10559,11.0
TEST_10560,10.0
TEST_10561,6.0
TEST_10562,10.0
TEST_10563,16.0
TEST_10564,16.0
TEST_10565,10.0
TEST_10566,10.0
TEST_10567,5.0
TEST_10568,11.0
TEST_10569,10.0
TEST_10570,11.0
TEST_10571,9.0
TEST_10572,11.0
TEST_10573,8.0
TEST_10574,10.0
TEST_10575,2.0
TEST_10576,11.0
TEST_10577,11.0
TEST_10578,10.0
TEST_10579,11.0
TEST_10580,13.0
TEST_10581,19.0
TEST_10582,11.0
TEST_10583,10.0
TEST_10584,11.0
TEST_10585,7.0
TEST_10586,10.0
TEST_10587,11.0
TEST_10588,10.0
TEST_10589,15.0
TEST_10590,20.0
TEST_10591,18.0
TEST_10592,10.0
TEST_10593,10.0
TEST_10594,13.0
TEST_10595,10.0
TEST_10596,10.0
TEST_10597,10.0
TEST_10598,10.0
TEST_10599,10.0
TEST_10600,10.0
TEST_10601,11.0
TEST_10602,11.0
TEST_10603,11.0
TEST_10604,10.0
TEST_10605,15.0
TEST_10606,5.0
TEST_10607,12.0
TEST_10608,3.0
TEST_10609,10.0
TEST_10610,2.0
TEST_10611,10.0
TEST_10612,3.0
TEST_10613,19.0
TEST_10614,13.0
TEST_10615,17.0
TEST_10616,10.0
TEST_10617,11.0
TEST_10618,10.0
TEST_10619,11.0
TEST_10620,10.0
TEST_10621,10.0
TEST_10622,10.0
TEST_10623,9.0
TEST_10624,9.0
TEST_10625,11.0
TEST_10626,11.0
TEST_10627,6.0
TEST_10628,16.0
TEST_10629,11.0
TEST_10630,19.0
TEST_10631,20.0
TEST_10632,10.0
TEST_10633,2.0
TEST_10634,10.0
TEST_10635,9.0
TEST_10636,10.0
TEST_10637,10.0
TEST_10638,10.0
TEST_10639,11.0
TEST_10640,1.0
TEST_10641,10.0
TEST_10642,10.0
TEST_10643,11.0
TEST_10644,5.0
TEST_10645,10.0
TEST_10646,10.0
TEST_10647,11.0
TEST_10648,13.0
TEST_10649,5.0
TEST_10650,10.0
TEST_10651,17.0
TEST_10652,10.0
TEST_10653,3.0
TEST_10654,10.0
TEST_10655,7.0
TEST_10656,11.0
TEST_10657,12.0
TEST_10658,10.0
TEST_10659,10.0
TEST_10660,10.0
TEST_10661,11.0
TEST_10662,11.0
TEST_10663,9.0
TEST_10664,10.0
TEST_10665,10.0
TEST_10666,10.0
TEST_10667,11.0
TEST_10668,10.0
TEST_10669,7.0
TEST_10670,10.0
TEST_10671,6.0
TEST_10672,11.0
TEST_10673,10.0
TEST_10674,7.0
TEST_10675,10.0
TEST_10676,10.0
TEST_10677,10.0
TEST_10678,7.0
TEST_10679,10.0
TEST_10680,10.0
TEST_10681,10.0
TEST_10682,11.0
TEST_10683,7.0
TEST_10684,2.0
TEST_10685,10.0
TEST_10686,13.0
TEST_10687,21.0
TEST_10688,16.0
TEST_10689,11.0
TEST_10690,3.0
TEST_10691,2.0
TEST_10692,3.0
TEST_10693,10.0
TEST_10694,11.0
TEST_10695,17.0
TEST_10696,10.0
TEST_10697,9.0
TEST_10698,11.0
TEST_10699,10.0
TEST_10700,3.0
TEST_10701,10.0
TEST_10702,10.0
TEST_10703,11.0
TEST_10704,10.0
TEST_10705,2.0
TEST_10706,3.0
TEST_10707,10.0
TEST_10708,17.0
TEST_10709,10.0
TEST_10710,10.0
TEST_10711,11.0
TEST_10712,11.0
TEST_10713,10.0
TEST_10714,11.0
TEST_10715,11.0
TEST_10716,11.0
TEST_10717,9.0
TEST_10718,11.0
TEST_10719,10.0
TEST_10720,11.0
TEST_10721,11.0
TEST_10722,11.0
TEST_10723,5.0
TEST_10724,2.0
TEST_10725,12.0
TEST_10726,17.0
TEST_10727,10.0
TEST_10728,11.0
TEST_10729,10.0
TEST_10730,10.0
TEST_10731,11.0
TEST_10732,2.0
TEST_10733,10.0
TEST_10734,10.0
TEST_10735,9.0
TEST_10736,11.0
TEST_10737,10.0
TEST_10738,11.0
TEST_10739,11.0
TEST_10740,11.0
TEST_10741,15.0
TEST_10742,10.0
TEST_10743,10.0
TEST_10744,10.0
TEST_10745,11.0
TEST_10746,10.0
TEST_10747,16.0
TEST_10748,10.0
TEST_10749,10.0
TEST_10750,10.0
TEST_10751,11.0
TEST_10752,8.0
TEST_10753,11.0
TEST_10754,13.0
TEST_10755,10.0
TEST_10756,10.0
TEST_10757,10.0
TEST_10758,10.0
TEST_10759,10.0
TEST_10760,10.0
TEST_10761,10.0
TEST_10762,7.0
TEST_10763,13.0
TEST_10764,11.0
TEST_10765,10.0
TEST_10766,10.0
TEST_10767,11.0
TEST_10768,10.0
TEST_10769,1.0
TEST_10770,10.0
TEST_10771,11.0
TEST_10772,10.0
TEST_10773,11.0
TEST_10774,11.0
TEST_10775,16.0
TEST_10776,10.0
TEST_10777,11.0
TEST_10778,10.0
TEST_10779,10.0
TEST_10780,10.0
TEST_10781,18.0
TEST_10782,10.0
TEST_10783,11.0
TEST_10784,12.0
TEST_10785,10.0
TEST_10786,14.0
TEST_10787,1.0
TEST_10788,10.0
TEST_10789,11.0
TEST_10790,5.0
TEST_10791,11.0
TEST_10792,5.0
TEST_10793,11.0
TEST_10794,11.0
TEST_10795,11.0
TEST_10796,10.0
TEST_10797,11.0
TEST_10798,11.0
TEST_10799,16.0
TEST_10800,12.0
TEST_10801,10.0
TEST_10802,11.0
TEST_10803,11.0
TEST_10804,10.0
TEST_10805,15.0
TEST_10806,10.0
TEST_10807,11.0
TEST_10808,10.0
TEST_10809,11.0
TEST_10810,10.0
TEST_10811,2.0
TEST_10812,11.0
TEST_10813,3.0
TEST_10814,11.0
TEST_10815,6.0
TEST_10816,15.0
TEST_10817,11.0
TEST_10818,10.0
TEST_10819,5.0
TEST_10820,10.0
TEST_10821,7.0
TEST_10822,10.0
TEST_10823,10.0
TEST_10824,4.0
TEST_10825,10.0
TEST_10826,11.0
TEST_10827,8.0
TEST_10828,6.0
TEST_10829,11.0
TEST_10830,19.0
TEST_10831,10.0
TEST_10832,6.0
TEST_10833,11.0
TEST_10834,10.0
TEST_10835,10.0
TEST_10836,11.0
TEST_10837,9.0
TEST_10838,11.0
TEST_10839,15.0
TEST_10840,10.0
TEST_10841,10.0
TEST_10842,10.0
TEST_10843,10.0
TEST_10844,10.0
TEST_10845,11.0
TEST_10846,10.0
TEST_10847,1.0
TEST_10848,10.0
TEST_10849,6.0
TEST_10850,10.0
TEST_10851,9.0
TEST_10852,10.0
TEST_10853,11.0
TEST_10854,9.0
TEST_10855,3.0
TEST_10856,11.0
TEST_10857,11.0
TEST_10858,11.0
TEST_10859,13.0
TEST_10860,11.0
TEST_10861,8.0
TEST_10862,20.0
TEST_10863,10.0
TEST_10864,13.0
TEST_10865,11.0
TEST_10866,11.0
TEST_10867,12.0
TEST_10868,11.0
TEST_10869,2.0
TEST_10870,11.0
TEST_10871,11.0
TEST_10872,3.0
TEST_10873,10.0
TEST_10874,10.0
TEST_10875,12.0
TEST_10876,1.0
TEST_10877,11.0
TEST_10878,11.0
TEST_10879,10.0
TEST_10880,10.0
TEST_10881,9.0
TEST_10882,10.0
TEST_10883,3.0
TEST_10884,16.0
TEST_10885,7.0
TEST_10886,8.0
TEST_10887,9.0
TEST_10888,10.0
TEST_10889,10.0
TEST_10890,16.0
TEST_10891,10.0
TEST_10892,17.0
TEST_10893,6.0
TEST_10894,1.0
TEST_10895,11.0
TEST_10896,13.0
TEST_10897,10.0
TEST_10898,11.0
TEST_10899,10.0
TEST_10900,11.0
TEST_10901,11.0
TEST_10902,10.0
TEST_10903,11.0
TEST_10904,7.0
TEST_10905,11.0
TEST_10906,10.0
TEST_10907,10.0
TEST_10908,11.0
TEST_10909,11.0
TEST_10910,5.0
TEST_10911,10.0
TEST_10912,10.0
TEST_10913,10.0
TEST_10914,10.0
TEST_10915,11.0
TEST_10916,11.0
TEST_10917,10.0
TEST_10918,11.0
TEST_10919,11.0
TEST_10920,10.0
TEST_10921,11.0
TEST_10922,10.0
TEST_10923,9.0
TEST_10924,11.0
TEST_10925,8.0
TEST_10926,9.0
TEST_10927,3.0
TEST_10928,11.0
TEST_10929,10.0
TEST_10930,10.0
TEST_10931,11.0
TEST_10932,11.0
TEST_10933,10.0
TEST_10934,10.0
TEST_10935,10.0
TEST_10936,11.0
TEST_10937,17.0
TEST_10938,3.0
TEST_10939,10.0
TEST_10940,8.0
TEST_10941,10.0
TEST_10942,4.0
TEST_10943,10.0
TEST_10944,10.0
TEST_10945,11.0
TEST_10946,10.0
TEST_10947,3.0
TEST_10948,11.0
TEST_10949,10.0
TEST_10950,19.0
TEST_10951,10.0
TEST_10952,10.0
TEST_10953,2.0
TEST_10954,11.0
TEST_10955,10.0
TEST_10956,10.0
TEST_10957,9.0
TEST_10958,10.0
TEST_10959,10.0
TEST_10960,11.0
TEST_10961,10.0
TEST_10962,15.0
TEST_10963,10.0
TEST_10964,11.0
TEST_10965,11.0
TEST_10966,13.0
TEST_10967,11.0
TEST_10968,12.0
TEST_10969,10.0
TEST_10970,10.0
TEST_10971,8.0
TEST_10972,10.0
TEST_10973,10.0
TEST_10974,9.0
TEST_10975,10.0
TEST_10976,13.0
TEST_10977,9.0
TEST_10978,11.0
TEST_10979,14.0
TEST_10980,11.0
TEST_10981,7.0
TEST_10982,12.0
TEST_10983,2.0
TEST_10984,11.0
TEST_10985,11.0
TEST_10986,8.0
TEST_10987,11.0
TEST_10988,10.0
TEST_10989,10.0
TEST_10990,10.0
TEST_10991,14.0
TEST_10992,10.0
TEST_10993,2.0
TEST_10994,12.0
TEST_10995,2.0
TEST_10996,9.0
TEST_10997,2.0
TEST_10998,13.0
TEST_10999,10.0
TEST_11000,10.0
TEST_11001,9.0
TEST_11002,10.0
TEST_11003,11.0
TEST_11004,10.0
TEST_11005,11.0
TEST_11006,3.0
TEST_11007,3.0
TEST_11008,11.0
TEST_11009,11.0
TEST_11010,11.0
TEST_11011,14.0
TEST_11012,11.0
TEST_11013,10.0
TEST_11014,10.0
TEST_11015,10.0
TEST_11016,11.0
TEST_11017,8.0
TEST_11018,11.0
TEST_11019,11.0
TEST_11020,10.0
TEST_11021,10.0
TEST_11022,10.0
TEST_11023,10.0
TEST_11024,11.0
TEST_11025,11.0
TEST_11026,10.0
TEST_11027,10.0
TEST_11028,10.0
TEST_11029,2.0
TEST_11030,10.0
TEST_11031,11.0
TEST_11032,10.0
TEST_11033,10.0
TEST_11034,10.0
TEST_11035,10.0
TEST_11036,10.0
TEST_11037,12.0
TEST_11038,10.0
TEST_11039,11.0
TEST_11040,10.0
TEST_11041,10.0
TEST_11042,12.0
TEST_11043,9.0
TEST_11044,14.0
TEST_11045,10.0
TEST_11046,7.0
TEST_11047,10.0
TEST_11048,10.0
TEST_11049,9.0
TEST_11050,10.0
TEST_11051,10.0
TEST_11052,11.0
TEST_11053,13.0
TEST_11054,10.0
TEST_11055,10.0
TEST_11056,10.0
TEST_11057,10.0
TEST_11058,8.0
TEST_11059,10.0
TEST_11060,11.0
TEST_11061,10.0
TEST_11062,19.0
TEST_11063,11.0
TEST_11064,10.0
TEST_11065,15.0
TEST_11066,11.0
TEST_11067,10.0
TEST_11068,11.0
TEST_11069,16.0
TEST_11070,11.0
TEST_11071,8.0
TEST_11072,8.0
TEST_11073,11.0
TEST_11074,8.0
TEST_11075,10.0
TEST_11076,13.0
TEST_11077,7.0
TEST_11078,4.0
TEST_11079,18.0
TEST_11080,10.0
TEST_11081,9.0
TEST_11082,9.0
TEST_11083,10.0
TEST_11084,10.0
TEST_11085,11.0
TEST_11086,10.0
TEST_11087,10.0
TEST_11088,1.0
TEST_11089,2.0
TEST_11090,11.0
TEST_11091,9.0
TEST_11092,20.0
TEST_11093,11.0
TEST_11094,10.0
TEST_11095,11.0
TEST_11096,4.0
TEST_11097,12.0
TEST_11098,11.0
TEST_11099,13.0
TEST_11100,12.0
TEST_11101,10.0
TEST_11102,11.0
TEST_11103,12.0
TEST_11104,10.0
TEST_11105,10.0
TEST_11106,10.0
TEST_11107,10.0
TEST_11108,10.0
TEST_11109,11.0
TEST_11110,10.0
TEST_11111,12.0
TEST_11112,10.0
TEST_11113,10.0
TEST_11114,12.0
TEST_11115,8.0
TEST_11116,9.0
TEST_11117,8.0
TEST_11118,10.0
TEST_11119,10.0
TEST_11120,11.0
TEST_11121,10.0
TEST_11122,10.0
TEST_11123,9.0
TEST_11124,10.0
TEST_11125,1.0
TEST_11126,10.0
TEST_11127,3.0
TEST_11128,18.0
TEST_11129,12.0
TEST_11130,18.0
TEST_11131,10.0
TEST_11132,11.0
TEST_11133,5.0
TEST_11134,11.0
TEST_11135,10.0
TEST_11136,10.0
TEST_11137,12.0
TEST_11138,11.0
TEST_11139,10.0
TEST_11140,10.0
TEST_11141,9.0
TEST_11142,14.0
TEST_11143,8.0
TEST_11144,11.0
TEST_11145,9.0
TEST_11146,11.0
TEST_11147,12.0
TEST_11148,10.0
TEST_11149,10.0
TEST_11150,3.0
TEST_11151,11.0
TEST_11152,11.0
TEST_11153,10.0
TEST_11154,11.0
TEST_11155,11.0
TEST_11156,11.0
TEST_11157,12.0
TEST_11158,16.0
TEST_11159,9.0
TEST_11160,7.0
TEST_11161,11.0
TEST_11162,13.0
TEST_11163,11.0
TEST_11164,11.0
TEST_11165,3.0
TEST_11166,10.0
TEST_11167,10.0
TEST_11168,4.0
TEST_11169,10.0
TEST_11170,11.0
TEST_11171,10.0
TEST_11172,10.0
TEST_11173,11.0
TEST_11174,14.0
TEST_11175,9.0
TEST_11176,10.0
TEST_11177,12.0
TEST_11178,10.0
TEST_11179,10.0
TEST_11180,8.0
TEST_11181,10.0
TEST_11182,2.0
TEST_11183,5.0
TEST_11184,11.0
TEST_11185,10.0
TEST_11186,8.0
TEST_11187,10.0
TEST_11188,10.0
TEST_11189,14.0
TEST_11190,8.0
TEST_11191,10.0
TEST_11192,14.0
TEST_11193,15.0
TEST_11194,11.0
TEST_11195,10.0
TEST_11196,10.0
TEST_11197,10.0
TEST_11198,3.0
TEST_11199,10.0
TEST_11200,10.0
TEST_11201,15.0
TEST_11202,10.0
TEST_11203,11.0
TEST_11204,10.0
TEST_11205,10.0
TEST_11206,10.0
TEST_11207,10.0
TEST_11208,11.0
TEST_11209,5.0
TEST_11210,10.0
TEST_11211,9.0
TEST_11212,1.0
TEST_11213,10.0
TEST_11214,2.0
TEST_11215,11.0
TEST_11216,6.0
TEST_11217,11.0
TEST_11218,3.0
TEST_11219,10.0
TEST_11220,10.0
TEST_11221,6.0
TEST_11222,8.0
TEST_11223,9.0
TEST_11224,11.0
TEST_11225,10.0
TEST_11226,11.0
TEST_11227,10.0
TEST_11228,2.0
TEST_11229,10.0
TEST_11230,10.0
TEST_11231,13.0
TEST_11232,10.0
TEST_11233,11.0
TEST_11234,10.0
TEST_11235,11.0
TEST_11236,10.0
TEST_11237,19.0
TEST_11238,10.0
TEST_11239,11.0
TEST_11240,14.0
TEST_11241,10.0
TEST_11242,10.0
TEST_11243,10.0
TEST_11244,11.0
TEST_11245,12.0
TEST_11246,2.0
TEST_11247,11.0
TEST_11248,11.0
TEST_11249,2.0
TEST_11250,10.0
TEST_11251,2.0
TEST_11252,7.0
TEST_11253,2.0
TEST_11254,10.0
TEST_11255,6.0
TEST_11256,10.0
TEST_11257,10.0
TEST_11258,11.0
TEST_11259,11.0
TEST_11260,9.0
TEST_11261,9.0
TEST_11262,7.0
TEST_11263,12.0
TEST_11264,10.0
TEST_11265,5.0
TEST_11266,10.0
TEST_11267,11.0
TEST_11268,14.0
TEST_11269,10.0
TEST_11270,14.0
TEST_11271,11.0
TEST_11272,10.0
TEST_11273,8.0
TEST_11274,15.0
TEST_11275,10.0
TEST_11276,10.0
TEST_11277,7.0
TEST_11278,12.0
TEST_11279,10.0
TEST_11280,8.0
TEST_11281,12.0
TEST_11282,10.0
TEST_11283,12.0
TEST_11284,12.0
TEST_11285,12.0
TEST_11286,10.0
TEST_11287,11.0
TEST_11288,10.0
TEST_11289,11.0
TEST_11290,10.0
TEST_11291,10.0
TEST_11292,11.0
TEST_11293,10.0
TEST_11294,8.0
TEST_11295,9.0
TEST_11296,8.0
TEST_11297,11.0
TEST_11298,10.0
TEST_11299,10.0
TEST_11300,11.0
TEST_11301,11.0
TEST_11302,8.0
TEST_11303,11.0
TEST_11304,2.0
TEST_11305,7.0
TEST_11306,11.0
TEST_11307,10.0
TEST_11308,18.0
TEST_11309,10.0
TEST_11310,4.0
TEST_11311,10.0
TEST_11312,2.0
TEST_11313,11.0
TEST_11314,3.0
TEST_11315,10.0
TEST_11316,11.0
TEST_11317,11.0
TEST_11318,11.0
TEST_11319,7.0
TEST_11320,10.0
TEST_11321,11.0
TEST_11322,11.0
TEST_11323,12.0
TEST_11324,8.0
TEST_11325,11.0
TEST_11326,11.0
TEST_11327,10.0
TEST_11328,10.0
TEST_11329,15.0
TEST_11330,9.0
TEST_11331,9.0
TEST_11332,11.0
TEST_11333,10.0
TEST_11334,11.0
TEST_11335,18.0
TEST_11336,10.0
TEST_11337,10.0
TEST_11338,11.0
TEST_11339,10.0
TEST_11340,10.0
TEST_11341,10.0
TEST_11342,2.0
TEST_11343,9.0
TEST_11344,3.0
TEST_11345,10.0
TEST_11346,11.0
TEST_11347,10.0
TEST_11348,10.0
TEST_11349,10.0
TEST_11350,11.0
TEST_11351,11.0
TEST_11352,10.0
TEST_11353,10.0
TEST_11354,10.0
TEST_11355,11.0
TEST_11356,5.0
TEST_11357,11.0
TEST_11358,10.0
TEST_11359,10.0
TEST_11360,10.0
TEST_11361,10.0
TEST_11362,10.0
TEST_11363,10.0
TEST_11364,10.0
TEST_11365,9.0
TEST_11366,11.0
TEST_11367,2.0
TEST_11368,10.0
TEST_11369,11.0
TEST_11370,10.0
TEST_11371,5.0
TEST_11372,10.0
TEST_11373,6.0
TEST_11374,10.0
TEST_11375,10.0
TEST_11376,16.0
TEST_11377,12.0
TEST_11378,10.0
TEST_11379,11.0
TEST_11380,11.0
TEST_11381,10.0
TEST_11382,11.0
TEST_11383,10.0
TEST_11384,7.0
TEST_11385,10.0
TEST_11386,11.0
TEST_11387,11.0
TEST_11388,6.0
TEST_11389,10.0
TEST_11390,11.0
TEST_11391,10.0
TEST_11392,11.0
TEST_11393,11.0
TEST_11394,2.0
TEST_11395,10.0
TEST_11396,10.0
TEST_11397,20.0
TEST_11398,3.0
TEST_11399,10.0
TEST_11400,7.0
TEST_11401,15.0
TEST_11402,10.0
TEST_11403,11.0
TEST_11404,10.0
TEST_11405,10.0
TEST_11406,10.0
TEST_11407,11.0
TEST_11408,11.0
TEST_11409,10.0
TEST_11410,11.0
TEST_11411,15.0
TEST_11412,10.0
TEST_11413,12.0
TEST_11414,10.0
TEST_11415,10.0
TEST_11416,11.0
TEST_11417,11.0
TEST_11418,10.0
TEST_11419,6.0
TEST_11420,10.0
TEST_11421,18.0
TEST_11422,11.0
TEST_11423,11.0
TEST_11424,10.0
TEST_11425,11.0
TEST_11426,11.0
TEST_11427,10.0
TEST_11428,10.0
TEST_11429,1.0
TEST_11430,10.0
TEST_11431,10.0
TEST_11432,10.0
TEST_11433,16.0
TEST_11434,11.0
TEST_11435,10.0
TEST_11436,10.0
TEST_11437,11.0
TEST_11438,11.0
TEST_11439,10.0
TEST_11440,3.0
TEST_11441,10.0
TEST_11442,10.0
TEST_11443,10.0
TEST_11444,9.0
TEST_11445,10.0
TEST_11446,11.0
TEST_11447,11.0
TEST_11448,10.0
TEST_11449,10.0
TEST_11450,13.0
TEST_11451,3.0
TEST_11452,11.0
TEST_11453,11.0
TEST_11454,11.0
TEST_11455,11.0
TEST_11456,11.0
TEST_11457,18.0
TEST_11458,10.0
TEST_11459,10.0
TEST_11460,10.0
TEST_11461,2.0
TEST_11462,11.0
TEST_11463,10.0
TEST_11464,10.0
TEST_11465,10.0
TEST_11466,10.0
TEST_11467,11.0
TEST_11468,11.0
TEST_11469,10.0
TEST_11470,11.0
TEST_11471,11.0
TEST_11472,10.0
TEST_11473,21.0
TEST_11474,11.0
TEST_11475,3.0
TEST_11476,10.0
TEST_11477,11.0
TEST_11478,9.0
TEST_11479,9.0
TEST_11480,10.0
TEST_11481,11.0
TEST_11482,11.0
TEST_11483,11.0
TEST_11484,10.0
TEST_11485,12.0
TEST_11486,11.0
TEST_11487,17.0
TEST_11488,10.0
TEST_11489,10.0
TEST_11490,10.0
TEST_11491,11.0
TEST_11492,10.0
TEST_11493,10.0
TEST_11494,11.0
TEST_11495,11.0
TEST_11496,10.0
TEST_11497,10.0
TEST_11498,11.0
TEST_11499,11.0
TEST_11500,2.0
TEST_11501,12.0
TEST_11502,12.0
TEST_11503,10.0
TEST_11504,11.0
TEST_11505,10.0
TEST_11506,11.0
TEST_11507,11.0
TEST_11508,1.0
TEST_11509,11.0
TEST_11510,7.0
TEST_11511,10.0
TEST_11512,10.0
TEST_11513,11.0
TEST_11514,8.0
TEST_11515,10.0
TEST_11516,10.0
TEST_11517,9.0
TEST_11518,14.0
TEST_11519,11.0
TEST_11520,11.0
TEST_11521,9.0
TEST_11522,11.0
TEST_11523,11.0
TEST_11524,11.0
TEST_11525,10.0
TEST_11526,10.0
TEST_11527,5.0
TEST_11528,6.0
TEST_11529,6.0
TEST_11530,11.0
TEST_11531,2.0
TEST_11532,10.0
TEST_11533,10.0
TEST_11534,10.0
TEST_11535,11.0
TEST_11536,7.0
TEST_11537,10.0
TEST_11538,10.0
TEST_11539,10.0
TEST_11540,11.0
TEST_11541,10.0
TEST_11542,12.0
TEST_11543,8.0
TEST_11544,10.0
TEST_11545,9.0
TEST_11546,11.0
TEST_11547,11.0
TEST_11548,3.0
TEST_11549,9.0
TEST_11550,11.0
TEST_11551,11.0
TEST_11552,10.0
TEST_11553,11.0
TEST_11554,10.0
TEST_11555,10.0
TEST_11556,9.0
TEST_11557,11.0
TEST_11558,5.0
TEST_11559,2.0
TEST_11560,19.0
TEST_11561,12.0
TEST_11562,8.0
TEST_11563,15.0
TEST_11564,2.0
TEST_11565,11.0
TEST_11566,10.0
TEST_11567,6.0
TEST_11568,10.0
TEST_11569,11.0
TEST_11570,9.0
TEST_11571,15.0
TEST_11572,8.0
TEST_11573,11.0
TEST_11574,11.0
TEST_11575,10.0
TEST_11576,14.0
TEST_11577,11.0
TEST_11578,16.0
TEST_11579,13.0
TEST_11580,11.0
TEST_11581,10.0
TEST_11582,10.0
TEST_11583,8.0
TEST_11584,10.0
TEST_11585,10.0
TEST_11586,10.0
TEST_11587,7.0
TEST_11588,11.0
TEST_11589,14.0
TEST_11590,8.0
TEST_11591,8.0
TEST_11592,10.0
TEST_11593,10.0
TEST_11594,11.0
TEST_11595,11.0
TEST_11596,11.0
TEST_11597,14.0
TEST_11598,12.0
TEST_11599,10.0
TEST_11600,10.0
TEST_11601,10.0
TEST_11602,1.0
TEST_11603,11.0
TEST_11604,11.0
TEST_11605,7.0
TEST_11606,11.0
TEST_11607,10.0
TEST_11608,18.0
TEST_11609,10.0
TEST_11610,11.0
TEST_11611,10.0
TEST_11612,11.0
TEST_11613,10.0
TEST_11614,3.0
TEST_11615,10.0
TEST_11616,10.0
TEST_11617,11.0
TEST_11618,15.0
TEST_11619,13.0
TEST_11620,11.0
TEST_11621,11.0
TEST_11622,10.0
TEST_11623,12.0
TEST_11624,11.0
TEST_11625,10.0
TEST_11626,10.0
TEST_11627,2.0
TEST_11628,8.0
TEST_11629,10.0
TEST_11630,11.0
TEST_11631,15.0
TEST_11632,10.0
TEST_11633,15.0
TEST_11634,15.0
TEST_11635,10.0
TEST_11636,11.0
TEST_11637,16.0
TEST_11638,10.0
TEST_11639,15.0
TEST_11640,11.0
TEST_11641,10.0
TEST_11642,12.0
TEST_11643,10.0
TEST_11644,14.0
TEST_11645,7.0
TEST_11646,15.0
TEST_11647,11.0
TEST_11648,17.0
TEST_11649,11.0
TEST_11650,11.0
TEST_11651,9.0
TEST_11652,7.0
TEST_11653,10.0
TEST_11654,11.0
TEST_11655,10.0
TEST_11656,12.0
TEST_11657,10.0
TEST_11658,3.0
TEST_11659,11.0
TEST_11660,11.0
TEST_11661,2.0
TEST_11662,11.0
TEST_11663,11.0
TEST_11664,2.0
TEST_11665,8.0
TEST_11666,10.0
TEST_11667,10.0
TEST_11668,10.0
TEST_11669,10.0
TEST_11670,10.0
TEST_11671,11.0
TEST_11672,13.0
TEST_11673,10.0
TEST_11674,8.0
TEST_11675,13.0
TEST_11676,19.0
TEST_11677,11.0
TEST_11678,10.0
TEST_11679,11.0
TEST_11680,11.0
TEST_11681,10.0
TEST_11682,12.0
TEST_11683,11.0
TEST_11684,3.0
TEST_11685,11.0
TEST_11686,11.0
TEST_11687,11.0
TEST_11688,17.0
TEST_11689,10.0
TEST_11690,10.0
TEST_11691,10.0
TEST_11692,13.0
TEST_11693,16.0
TEST_11694,10.0
TEST_11695,11.0
TEST_11696,11.0
TEST_11697,9.0
TEST_11698,11.0
TEST_11699,14.0
TEST_11700,10.0
TEST_11701,10.0
TEST_11702,17.0
TEST_11703,12.0
TEST_11704,10.0
TEST_11705,10.0
TEST_11706,2.0
TEST_11707,12.0
TEST_11708,11.0
TEST_11709,10.0
TEST_11710,10.0
TEST_11711,11.0
TEST_11712,9.0
TEST_11713,11.0
TEST_11714,10.0
TEST_11715,13.0
TEST_11716,10.0
TEST_11717,11.0
TEST_11718,10.0
TEST_11719,10.0
TEST_11720,12.0
TEST_11721,10.0
TEST_11722,10.0
TEST_11723,10.0
TEST_11724,10.0
TEST_11725,10.0
TEST_11726,11.0
TEST_11727,15.0
TEST_11728,7.0
TEST_11729,10.0
TEST_11730,16.0
TEST_11731,11.0
TEST_11732,16.0
TEST_11733,10.0
TEST_11734,11.0
TEST_11735,10.0
TEST_11736,10.0
TEST_11737,10.0
TEST_11738,17.0
TEST_11739,5.0
TEST_11740,11.0
TEST_11741,3.0
TEST_11742,10.0
TEST_11743,5.0
TEST_11744,11.0
TEST_11745,10.0
TEST_11746,2.0
TEST_11747,14.0
TEST_11748,10.0
TEST_11749,11.0
TEST_11750,10.0
TEST_11751,11.0
TEST_11752,12.0
TEST_11753,11.0
TEST_11754,11.0
TEST_11755,10.0
TEST_11756,13.0
TEST_11757,10.0
TEST_11758,10.0
TEST_11759,11.0
TEST_11760,12.0
TEST_11761,10.0
TEST_11762,11.0
TEST_11763,7.0
TEST_11764,13.0
TEST_11765,13.0
TEST_11766,11.0
TEST_11767,8.0
TEST_11768,7.0
TEST_11769,10.0
TEST_11770,10.0
TEST_11771,11.0
TEST_11772,10.0
TEST_11773,10.0
TEST_11774,11.0
TEST_11775,9.0
TEST_11776,9.0
TEST_11777,14.0
TEST_11778,10.0
TEST_11779,9.0
TEST_11780,14.0
TEST_11781,9.0
TEST_11782,10.0
TEST_11783,12.0
TEST_11784,1.0
TEST_11785,2.0
TEST_11786,12.0
TEST_11787,11.0
TEST_11788,11.0
TEST_11789,10.0
TEST_11790,10.0
TEST_11791,10.0
TEST_11792,10.0
TEST_11793,10.0
TEST_11794,12.0
TEST_11795,11.0
TEST_11796,10.0
TEST_11797,10.0
TEST_11798,15.0
TEST_11799,7.0
TEST_11800,10.0
TEST_11801,9.0
TEST_11802,10.0
TEST_11803,10.0
TEST_11804,9.0
TEST_11805,10.0
TEST_11806,11.0
TEST_11807,11.0
TEST_11808,11.0
TEST_11809,19.0
TEST_11810,2.0
TEST_11811,11.0
TEST_11812,11.0
TEST_11813,10.0
TEST_11814,19.0
TEST_11815,11.0
TEST_11816,10.0
TEST_11817,11.0
TEST_11818,10.0
TEST_11819,12.0
TEST_11820,10.0
TEST_11821,10.0
TEST_11822,10.0
TEST_11823,11.0
TEST_11824,17.0
TEST_11825,10.0
TEST_11826,8.0
TEST_11827,11.0
TEST_11828,10.0
TEST_11829,2.0
TEST_11830,10.0
TEST_11831,12.0
TEST_11832,10.0
TEST_11833,6.0
TEST_11834,11.0
TEST_11835,11.0
TEST_11836,11.0
TEST_11837,11.0
TEST_11838,8.0
TEST_11839,10.0
TEST_11840,11.0
TEST_11841,14.0
TEST_11842,11.0
TEST_11843,11.0
TEST_11844,10.0
TEST_11845,10.0
TEST_11846,10.0
TEST_11847,12.0
TEST_11848,11.0
TEST_11849,8.0
TEST_11850,10.0
TEST_11851,11.0
TEST_11852,10.0
TEST_11853,10.0
TEST_11854,10.0
TEST_11855,11.0
TEST_11856,10.0
TEST_11857,10.0
TEST_11858,11.0
TEST_11859,10.0
TEST_11860,15.0
TEST_11861,11.0
TEST_11862,2.0
TEST_11863,10.0
TEST_11864,16.0
TEST_11865,11.0
TEST_11866,11.0
TEST_11867,10.0
TEST_11868,11.0
TEST_11869,10.0
TEST_11870,11.0
TEST_11871,10.0
TEST_11872,10.0
TEST_11873,11.0
TEST_11874,8.0
TEST_11875,11.0
TEST_11876,10.0
TEST_11877,11.0
TEST_11878,10.0
TEST_11879,10.0
TEST_11880,1.0
TEST_11881,6.0
TEST_11882,15.0
TEST_11883,10.0
TEST_11884,9.0
TEST_11885,11.0
TEST_11886,14.0
TEST_11887,11.0
TEST_11888,10.0
TEST_11889,3.0
TEST_11890,10.0
TEST_11891,16.0
TEST_11892,2.0
TEST_11893,11.0
TEST_11894,10.0
TEST_11895,10.0
TEST_11896,10.0
TEST_11897,1.0
TEST_11898,9.0
TEST_11899,11.0
TEST_11900,11.0
TEST_11901,10.0
TEST_11902,5.0
TEST_11903,11.0
TEST_11904,11.0
TEST_11905,14.0
TEST_11906,11.0
TEST_11907,1.0
TEST_11908,13.0
TEST_11909,10.0
TEST_11910,9.0
TEST_11911,13.0
TEST_11912,14.0
TEST_11913,10.0
TEST_11914,11.0
TEST_11915,15.0
TEST_11916,11.0
TEST_11917,11.0
TEST_11918,15.0
TEST_11919,10.0
TEST_11920,3.0
TEST_11921,10.0
TEST_11922,11.0
TEST_11923,10.0
TEST_11924,10.0
TEST_11925,11.0
TEST_11926,2.0
TEST_11927,7.0
TEST_11928,1.0
TEST_11929,3.0
TEST_11930,8.0
TEST_11931,11.0
TEST_11932,11.0
TEST_11933,11.0
TEST_11934,10.0
TEST_11935,4.0
TEST_11936,10.0
TEST_11937,11.0
TEST_11938,11.0
TEST_11939,8.0
TEST_11940,10.0
TEST_11941,10.0
TEST_11942,14.0
TEST_11943,11.0
TEST_11944,10.0
TEST_11945,11.0
TEST_11946,9.0
TEST_11947,2.0
TEST_11948,10.0
TEST_11949,10.0
TEST_11950,11.0
TEST_11951,10.0
TEST_11952,10.0
TEST_11953,2.0
TEST_11954,3.0
TEST_11955,5.0
TEST_11956,10.0
TEST_11957,10.0
TEST_11958,10.0
TEST_11959,10.0
TEST_11960,15.0
TEST_11961,10.0
TEST_11962,11.0
TEST_11963,10.0
TEST_11964,17.0
TEST_11965,7.0
TEST_11966,10.0
TEST_11967,10.0
TEST_11968,11.0
TEST_11969,6.0
TEST_11970,2.0
TEST_11971,11.0
TEST_11972,12.0
TEST_11973,2.0
TEST_11974,22.0
TEST_11975,8.0
TEST_11976,10.0
TEST_11977,10.0
TEST_11978,10.0
TEST_11979,11.0
TEST_11980,11.0
TEST_11981,10.0
TEST_11982,4.0
TEST_11983,8.0
TEST_11984,6.0
TEST_11985,10.0
TEST_11986,11.0
TEST_11987,10.0
TEST_11988,8.0
TEST_11989,11.0
TEST_11990,9.0
TEST_11991,10.0
TEST_11992,10.0
TEST_11993,11.0
TEST_11994,8.0
TEST_11995,9.0
TEST_11996,11.0
TEST_11997,10.0
TEST_11998,9.0
TEST_11999,11.0
TEST_12000,10.0
TEST_12001,11.0
TEST_12002,11.0
TEST_12003,18.0
TEST_12004,1.0
TEST_12005,10.0
TEST_12006,8.0
TEST_12007,10.0
TEST_12008,10.0
TEST_12009,13.0
TEST_12010,10.0
TEST_12011,11.0
TEST_12012,10.0
TEST_12013,9.0
TEST_12014,10.0
TEST_12015,10.0
TEST_12016,11.0
TEST_12017,11.0
TEST_12018,8.0
TEST_12019,11.0
TEST_12020,9.0
TEST_12021,11.0
TEST_12022,5.0
TEST_12023,10.0
TEST_12024,10.0
TEST_12025,10.0
TEST_12026,12.0
TEST_12027,10.0
TEST_12028,10.0
TEST_12029,12.0
TEST_12030,10.0
TEST_12031,2.0
TEST_12032,10.0
TEST_12033,3.0
TEST_12034,9.0
TEST_12035,10.0
TEST_12036,8.0
TEST_12037,10.0
TEST_12038,10.0
TEST_12039,14.0
TEST_12040,12.0
TEST_12041,11.0
TEST_12042,12.0
TEST_12043,10.0
TEST_12044,15.0
TEST_12045,17.0
TEST_12046,10.0
TEST_12047,10.0
TEST_12048,10.0
TEST_12049,11.0
TEST_12050,11.0
TEST_12051,16.0
TEST_12052,10.0
TEST_12053,16.0
TEST_12054,8.0
TEST_12055,11.0
TEST_12056,2.0
TEST_12057,18.0
TEST_12058,10.0
TEST_12059,11.0
TEST_12060,11.0
TEST_12061,10.0
TEST_12062,13.0
TEST_12063,11.0
TEST_12064,21.0
TEST_12065,11.0
TEST_12066,13.0
TEST_12067,10.0
TEST_12068,12.0
TEST_12069,11.0
TEST_12070,10.0
TEST_12071,10.0
TEST_12072,10.0
TEST_12073,10.0
TEST_12074,11.0
TEST_12075,10.0
TEST_12076,10.0
TEST_12077,10.0
TEST_12078,14.0
TEST_12079,10.0
TEST_12080,10.0
TEST_12081,10.0
TEST_12082,4.0
TEST_12083,14.0
TEST_12084,1.0
TEST_12085,11.0
TEST_12086,3.0
TEST_12087,10.0
TEST_12088,8.0
TEST_12089,10.0
TEST_12090,10.0
TEST_12091,10.0
TEST_12092,10.0
TEST_12093,10.0
TEST_12094,10.0
TEST_12095,11.0
TEST_12096,10.0
TEST_12097,10.0
TEST_12098,10.0
TEST_12099,10.0
TEST_12100,10.0
TEST_12101,17.0
TEST_12102,10.0
TEST_12103,8.0
TEST_12104,10.0
TEST_12105,20.0
TEST_12106,10.0
TEST_12107,10.0
TEST_12108,11.0
TEST_12109,12.0
TEST_12110,12.0
TEST_12111,10.0
TEST_12112,10.0
TEST_12113,11.0
TEST_12114,10.0
TEST_12115,11.0
TEST_12116,8.0
TEST_12117,15.0
TEST_12118,10.0
TEST_12119,11.0
TEST_12120,10.0
TEST_12121,11.0
TEST_12122,10.0
TEST_12123,10.0
TEST_12124,14.0
TEST_12125,10.0
TEST_12126,20.0
TEST_12127,2.0
TEST_12128,10.0
TEST_12129,13.0
TEST_12130,10.0
TEST_12131,9.0
TEST_12132,10.0
TEST_12133,11.0
TEST_12134,11.0
TEST_12135,9.0
TEST_12136,8.0
TEST_12137,8.0
TEST_12138,8.0
TEST_12139,8.0
TEST_12140,10.0
TEST_12141,11.0
TEST_12142,11.0
TEST_12143,10.0
TEST_12144,11.0
TEST_12145,11.0
TEST_12146,10.0
TEST_12147,5.0
TEST_12148,10.0
TEST_12149,9.0
TEST_12150,11.0
TEST_12151,11.0
TEST_12152,5.0
TEST_12153,14.0
TEST_12154,12.0
TEST_12155,11.0
TEST_12156,10.0
TEST_12157,13.0
TEST_12158,6.0
TEST_12159,11.0
TEST_12160,11.0
TEST_12161,7.0
TEST_12162,9.0
TEST_12163,13.0
TEST_12164,7.0
TEST_12165,10.0
TEST_12166,10.0
TEST_12167,10.0
TEST_12168,14.0
TEST_12169,11.0
TEST_12170,10.0
TEST_12171,10.0
TEST_12172,10.0
TEST_12173,9.0
TEST_12174,11.0
TEST_12175,4.0
TEST_12176,12.0
TEST_12177,11.0
TEST_12178,10.0
TEST_12179,11.0
TEST_12180,15.0
TEST_12181,10.0
TEST_12182,10.0
TEST_12183,10.0
TEST_12184,1.0
TEST_12185,10.0
TEST_12186,11.0
TEST_12187,11.0
TEST_12188,11.0
TEST_12189,20.0
TEST_12190,8.0
TEST_12191,3.0
TEST_12192,10.0
TEST_12193,10.0
TEST_12194,11.0
TEST_12195,15.0
TEST_12196,7.0
TEST_12197,10.0
TEST_12198,10.0
TEST_12199,10.0
TEST_12200,11.0
TEST_12201,10.0
TEST_12202,10.0
TEST_12203,11.0
TEST_12204,9.0
TEST_12205,2.0
TEST_12206,10.0
TEST_12207,9.0
TEST_12208,1.0
TEST_12209,10.0
TEST_12210,21.0
TEST_12211,2.0
TEST_12212,2.0
TEST_12213,10.0
TEST_12214,2.0
TEST_12215,11.0
TEST_12216,10.0
TEST_12217,11.0
TEST_12218,2.0
TEST_12219,11.0
TEST_12220,10.0
TEST_12221,20.0
TEST_12222,15.0
TEST_12223,7.0
TEST_12224,10.0
TEST_12225,18.0
TEST_12226,5.0
TEST_12227,10.0
TEST_12228,11.0
TEST_12229,10.0
TEST_12230,11.0
TEST_12231,8.0
TEST_12232,11.0
TEST_12233,11.0
TEST_12234,9.0
TEST_12235,10.0
TEST_12236,11.0
TEST_12237,10.0
TEST_12238,10.0
TEST_12239,17.0
TEST_12240,2.0
TEST_12241,11.0
TEST_12242,11.0
TEST_12243,11.0
TEST_12244,11.0
TEST_12245,10.0
TEST_12246,10.0
TEST_12247,16.0
TEST_12248,11.0
TEST_12249,10.0
TEST_12250,13.0
TEST_12251,11.0
TEST_12252,10.0
TEST_12253,10.0
TEST_12254,11.0
TEST_12255,12.0
TEST_12256,11.0
TEST_12257,10.0
TEST_12258,9.0
TEST_12259,10.0
TEST_12260,8.0
TEST_12261,10.0
TEST_12262,19.0
TEST_12263,5.0
TEST_12264,10.0
TEST_12265,11.0
TEST_12266,10.0
TEST_12267,16.0
TEST_12268,10.0
TEST_12269,11.0
TEST_12270,11.0
TEST_12271,14.0
TEST_12272,11.0
TEST_12273,11.0
TEST_12274,11.0
TEST_12275,10.0
TEST_12276,4.0
TEST_12277,5.0
TEST_12278,9.0
TEST_12279,10.0
TEST_12280,11.0
TEST_12281,18.0
TEST_12282,5.0
TEST_12283,10.0
TEST_12284,9.0
TEST_12285,10.0
TEST_12286,9.0
TEST_12287,11.0
TEST_12288,13.0
TEST_12289,12.0
TEST_12290,10.0
TEST_12291,11.0
TEST_12292,10.0
TEST_12293,2.0
TEST_12294,10.0
TEST_12295,10.0
TEST_12296,8.0
TEST_12297,10.0
TEST_12298,2.0
TEST_12299,3.0
TEST_12300,10.0
TEST_12301,8.0
TEST_12302,17.0
TEST_12303,2.0
TEST_12304,11.0
TEST_12305,11.0
TEST_12306,10.0
TEST_12307,10.0
TEST_12308,11.0
TEST_12309,14.0
TEST_12310,10.0
TEST_12311,10.0
TEST_12312,11.0
TEST_12313,10.0
TEST_12314,11.0
TEST_12315,11.0
TEST_12316,5.0
TEST_12317,17.0
TEST_12318,10.0
TEST_12319,10.0
TEST_12320,7.0
TEST_12321,10.0
TEST_12322,12.0
TEST_12323,9.0
TEST_12324,12.0
TEST_12325,11.0
TEST_12326,10.0
TEST_12327,17.0
TEST_12328,9.0
TEST_12329,3.0
TEST_12330,10.0
TEST_12331,12.0
TEST_12332,20.0
TEST_12333,10.0
TEST_12334,3.0
TEST_12335,10.0
TEST_12336,12.0
TEST_12337,10.0
TEST_12338,11.0
TEST_12339,12.0
TEST_12340,11.0
TEST_12341,4.0
TEST_12342,11.0
TEST_12343,10.0
TEST_12344,11.0
TEST_12345,10.0
TEST_12346,10.0
TEST_12347,15.0
TEST_12348,12.0
TEST_12349,11.0
TEST_12350,7.0
TEST_12351,16.0
TEST_12352,10.0
TEST_12353,15.0
TEST_12354,6.0
TEST_12355,11.0
TEST_12356,9.0
TEST_12357,10.0
TEST_12358,10.0
TEST_12359,11.0
TEST_12360,10.0
TEST_12361,9.0
TEST_12362,10.0
TEST_12363,6.0
TEST_12364,11.0
TEST_12365,10.0
TEST_12366,10.0
TEST_12367,9.0
TEST_12368,10.0
TEST_12369,9.0
TEST_12370,1.0
TEST_12371,8.0
TEST_12372,10.0
TEST_12373,11.0
TEST_12374,8.0
TEST_12375,10.0
TEST_12376,4.0
TEST_12377,11.0
TEST_12378,11.0
TEST_12379,2.0
TEST_12380,5.0
TEST_12381,10.0
TEST_12382,11.0
TEST_12383,11.0
TEST_12384,3.0
TEST_12385,9.0
TEST_12386,18.0
TEST_12387,10.0
TEST_12388,10.0
TEST_12389,1.0
TEST_12390,11.0
TEST_12391,11.0
TEST_12392,10.0
TEST_12393,10.0
TEST_12394,14.0
TEST_12395,11.0
TEST_12396,12.0
TEST_12397,10.0
TEST_12398,10.0
TEST_12399,10.0
TEST_12400,11.0
TEST_12401,10.0
TEST_12402,10.0
TEST_12403,10.0
TEST_12404,10.0
TEST_12405,16.0
TEST_12406,6.0
TEST_12407,10.0
TEST_12408,14.0
TEST_12409,18.0
TEST_12410,9.0
TEST_12411,8.0
TEST_12412,10.0
TEST_12413,9.0
TEST_12414,18.0
TEST_12415,10.0
TEST_12416,13.0
TEST_12417,9.0
TEST_12418,10.0
TEST_12419,10.0
TEST_12420,2.0
TEST_12421,5.0
TEST_12422,17.0
TEST_12423,13.0
TEST_12424,13.0
TEST_12425,10.0
TEST_12426,11.0
TEST_12427,10.0
TEST_12428,11.0
TEST_12429,12.0
TEST_12430,12.0
TEST_12431,11.0
TEST_12432,11.0
TEST_12433,10.0
TEST_12434,11.0
TEST_12435,6.0
TEST_12436,10.0
TEST_12437,7.0
TEST_12438,11.0
TEST_12439,14.0
TEST_12440,11.0
TEST_12441,11.0
TEST_12442,11.0
TEST_12443,15.0
TEST_12444,10.0
TEST_12445,9.0
TEST_12446,2.0
TEST_12447,11.0
TEST_12448,10.0
TEST_12449,9.0
TEST_12450,8.0
TEST_12451,10.0
TEST_12452,10.0
TEST_12453,4.0
TEST_12454,10.0
TEST_12455,8.0
TEST_12456,11.0
TEST_12457,10.0
TEST_12458,11.0
TEST_12459,11.0
TEST_12460,8.0
TEST_12461,2.0
TEST_12462,11.0
TEST_12463,11.0
TEST_12464,10.0
TEST_12465,12.0
TEST_12466,11.0
TEST_12467,7.0
TEST_12468,10.0
TEST_12469,10.0
TEST_12470,3.0
TEST_12471,10.0
TEST_12472,11.0
TEST_12473,10.0
TEST_12474,11.0
TEST_12475,11.0
TEST_12476,11.0
TEST_12477,2.0
TEST_12478,12.0
TEST_12479,14.0
TEST_12480,10.0
TEST_12481,5.0
TEST_12482,6.0
TEST_12483,9.0
TEST_12484,11.0
TEST_12485,11.0
TEST_12486,11.0
TEST_12487,11.0
TEST_12488,11.0
TEST_12489,15.0
TEST_12490,9.0
TEST_12491,10.0
TEST_12492,2.0
TEST_12493,9.0
TEST_12494,8.0
TEST_12495,10.0
TEST_12496,11.0
TEST_12497,12.0
TEST_12498,11.0
TEST_12499,2.0
TEST_12500,11.0
TEST_12501,10.0
TEST_12502,9.0
TEST_12503,13.0
TEST_12504,1.0
TEST_12505,12.0
TEST_12506,10.0
TEST_12507,13.0
TEST_12508,10.0
TEST_12509,11.0
TEST_12510,12.0
TEST_12511,6.0
TEST_12512,6.0
TEST_12513,10.0
TEST_12514,11.0
TEST_12515,9.0
TEST_12516,10.0
TEST_12517,10.0
TEST_12518,3.0
TEST_12519,11.0
TEST_12520,11.0
TEST_12521,10.0
TEST_12522,10.0
TEST_12523,15.0
TEST_12524,10.0
TEST_12525,10.0
TEST_12526,1.0
TEST_12527,10.0
TEST_12528,10.0
TEST_12529,10.0
TEST_12530,10.0
TEST_12531,6.0
TEST_12532,10.0
TEST_12533,11.0
TEST_12534,10.0
TEST_12535,13.0
TEST_12536,10.0
TEST_12537,12.0
TEST_12538,11.0
TEST_12539,10.0
TEST_12540,12.0
TEST_12541,10.0
TEST_12542,11.0
TEST_12543,11.0
TEST_12544,10.0
TEST_12545,4.0
TEST_12546,11.0
TEST_12547,10.0
TEST_12548,10.0
TEST_12549,10.0
TEST_12550,11.0
TEST_12551,11.0
TEST_12552,11.0
TEST_12553,10.0
TEST_12554,11.0
TEST_12555,10.0
TEST_12556,10.0
TEST_12557,10.0
TEST_12558,12.0
TEST_12559,11.0
TEST_12560,11.0
TEST_12561,11.0
TEST_12562,10.0
TEST_12563,10.0
TEST_12564,11.0
TEST_12565,10.0
TEST_12566,10.0
TEST_12567,11.0
TEST_12568,11.0
TEST_12569,3.0
TEST_12570,11.0
TEST_12571,10.0
TEST_12572,3.0
TEST_12573,4.0
TEST_12574,11.0
TEST_12575,2.0
TEST_12576,14.0
TEST_12577,10.0
TEST_12578,16.0
TEST_12579,2.0
TEST_12580,10.0
TEST_12581,3.0
TEST_12582,11.0
TEST_12583,12.0
TEST_12584,10.0
TEST_12585,12.0
TEST_12586,10.0
TEST_12587,4.0
TEST_12588,11.0
TEST_12589,10.0
TEST_12590,10.0
TEST_12591,9.0
TEST_12592,8.0
TEST_12593,11.0
TEST_12594,11.0
TEST_12595,10.0
TEST_12596,11.0
TEST_12597,10.0
TEST_12598,11.0
TEST_12599,11.0
TEST_12600,10.0
TEST_12601,11.0
TEST_12602,11.0
TEST_12603,11.0
TEST_12604,7.0
TEST_12605,11.0
TEST_12606,9.0
TEST_12607,11.0
TEST_12608,11.0
TEST_12609,20.0
TEST_12610,11.0
TEST_12611,8.0
TEST_12612,10.0
TEST_12613,10.0
TEST_12614,11.0
TEST_12615,5.0
TEST_12616,10.0
TEST_12617,12.0
TEST_12618,10.0
TEST_12619,10.0
TEST_12620,12.0
TEST_12621,10.0
TEST_12622,3.0
TEST_12623,16.0
TEST_12624,16.0
TEST_12625,5.0
TEST_12626,5.0
TEST_12627,9.0
TEST_12628,11.0
TEST_12629,10.0
TEST_12630,2.0
TEST_12631,11.0
TEST_12632,2.0
TEST_12633,11.0
TEST_12634,10.0
TEST_12635,8.0
TEST_12636,11.0
TEST_12637,20.0
TEST_12638,11.0
TEST_12639,11.0
TEST_12640,11.0
TEST_12641,10.0
TEST_12642,10.0
TEST_12643,11.0
TEST_12644,10.0
TEST_12645,16.0
TEST_12646,8.0
TEST_12647,10.0
TEST_12648,18.0
TEST_12649,2.0
TEST_12650,10.0
TEST_12651,10.0
TEST_12652,11.0
TEST_12653,9.0
TEST_12654,10.0
TEST_12655,10.0
TEST_12656,11.0
TEST_12657,10.0
TEST_12658,10.0
TEST_12659,10.0
TEST_12660,13.0
TEST_12661,12.0
TEST_12662,11.0
TEST_12663,10.0
TEST_12664,11.0
TEST_12665,16.0
TEST_12666,11.0
TEST_12667,8.0
TEST_12668,11.0
TEST_12669,11.0
TEST_12670,6.0
TEST_12671,10.0
TEST_12672,10.0
TEST_12673,16.0
TEST_12674,11.0
TEST_12675,3.0
TEST_12676,10.0
TEST_12677,10.0
TEST_12678,10.0
TEST_12679,10.0
TEST_12680,10.0
TEST_12681,10.0
TEST_12682,11.0
TEST_12683,10.0
TEST_12684,8.0
TEST_12685,10.0
TEST_12686,19.0
TEST_12687,10.0
TEST_12688,16.0
TEST_12689,11.0
TEST_12690,10.0
TEST_12691,11.0
TEST_12692,15.0
TEST_12693,11.0
TEST_12694,9.0
TEST_12695,9.0
TEST_12696,20.0
TEST_12697,11.0
TEST_12698,7.0
TEST_12699,10.0
TEST_12700,10.0
TEST_12701,11.0
TEST_12702,10.0
TEST_12703,11.0
TEST_12704,10.0
TEST_12705,14.0
TEST_12706,2.0
TEST_12707,10.0
TEST_12708,7.0
TEST_12709,8.0
TEST_12710,11.0
TEST_12711,17.0
TEST_12712,12.0
TEST_12713,3.0
TEST_12714,3.0
TEST_12715,10.0
TEST_12716,10.0
TEST_12717,10.0
TEST_12718,3.0
TEST_12719,7.0
TEST_12720,7.0
TEST_12721,2.0
TEST_12722,11.0
TEST_12723,10.0
TEST_12724,10.0
TEST_12725,11.0
TEST_12726,10.0
TEST_12727,4.0
TEST_12728,10.0
TEST_12729,11.0
TEST_12730,8.0
TEST_12731,10.0
TEST_12732,10.0
TEST_12733,10.0
TEST_12734,11.0
TEST_12735,11.0
TEST_12736,11.0
TEST_12737,10.0
TEST_12738,10.0
TEST_12739,10.0
TEST_12740,10.0
TEST_12741,11.0
TEST_12742,5.0
TEST_12743,2.0
TEST_12744,10.0
TEST_12745,10.0
TEST_12746,10.0
TEST_12747,2.0
TEST_12748,12.0
TEST_12749,11.0
TEST_12750,9.0
TEST_12751,10.0
TEST_12752,4.0
TEST_12753,2.0
TEST_12754,10.0
TEST_12755,8.0
TEST_12756,10.0
TEST_12757,11.0
TEST_12758,11.0
TEST_12759,11.0
TEST_12760,10.0
TEST_12761,15.0
TEST_12762,16.0
TEST_12763,11.0
TEST_12764,2.0
TEST_12765,10.0
TEST_12766,11.0
TEST_12767,10.0
TEST_12768,13.0
TEST_12769,14.0
TEST_12770,10.0
TEST_12771,11.0
TEST_12772,7.0
TEST_12773,10.0
TEST_12774,10.0
TEST_12775,11.0
TEST_12776,11.0
TEST_12777,10.0
TEST_12778,10.0
TEST_12779,10.0
TEST_12780,2.0
TEST_12781,10.0
TEST_12782,14.0
TEST_12783,10.0
TEST_12784,2.0
TEST_12785,10.0
TEST_12786,11.0
TEST_12787,10.0
TEST_12788,2.0
TEST_12789,17.0
TEST_12790,10.0
TEST_12791,10.0
TEST_12792,10.0
TEST_12793,11.0
TEST_12794,8.0
TEST_12795,2.0
TEST_12796,10.0
TEST_12797,1.0
TEST_12798,6.0
TEST_12799,10.0
TEST_12800,11.0
TEST_12801,8.0
TEST_12802,3.0
TEST_12803,12.0
TEST_12804,10.0
TEST_12805,7.0
TEST_12806,12.0
TEST_12807,12.0
TEST_12808,13.0
TEST_12809,10.0
TEST_12810,2.0
TEST_12811,10.0
TEST_12812,11.0
TEST_12813,11.0
TEST_12814,8.0
TEST_12815,3.0
TEST_12816,14.0
TEST_12817,11.0
TEST_12818,10.0
TEST_12819,10.0
TEST_12820,10.0
TEST_12821,11.0
TEST_12822,11.0
TEST_12823,10.0
TEST_12824,10.0
TEST_12825,12.0
TEST_12826,11.0
TEST_12827,11.0
TEST_12828,12.0
TEST_12829,10.0
TEST_12830,10.0
TEST_12831,4.0
TEST_12832,8.0
TEST_12833,7.0
TEST_12834,10.0
TEST_12835,11.0
TEST_12836,11.0
TEST_12837,11.0
TEST_12838,8.0
TEST_12839,11.0
TEST_12840,12.0
TEST_12841,14.0
TEST_12842,10.0
TEST_12843,11.0
TEST_12844,12.0
TEST_12845,9.0
TEST_12846,11.0
TEST_12847,2.0
TEST_12848,3.0
TEST_12849,8.0
TEST_12850,11.0
TEST_12851,10.0
TEST_12852,2.0
TEST_12853,11.0
TEST_12854,8.0
TEST_12855,10.0
TEST_12856,9.0
TEST_12857,6.0
TEST_12858,10.0
TEST_12859,10.0
TEST_12860,11.0
TEST_12861,15.0
TEST_12862,5.0
TEST_12863,6.0
TEST_12864,10.0
TEST_12865,10.0
TEST_12866,11.0
TEST_12867,11.0
TEST_12868,11.0
TEST_12869,11.0
TEST_12870,3.0
TEST_12871,11.0
TEST_12872,11.0
TEST_12873,10.0
TEST_12874,11.0
TEST_12875,8.0
TEST_12876,3.0
TEST_12877,4.0
TEST_12878,9.0
TEST_12879,16.0
TEST_12880,10.0
TEST_12881,11.0
TEST_12882,11.0
TEST_12883,1.0
TEST_12884,10.0
TEST_12885,11.0
TEST_12886,10.0
TEST_12887,6.0
TEST_12888,10.0
TEST_12889,11.0
TEST_12890,11.0
TEST_12891,10.0
TEST_12892,9.0
TEST_12893,5.0
TEST_12894,11.0
TEST_12895,12.0
TEST_12896,8.0
TEST_12897,10.0
TEST_12898,10.0
TEST_12899,10.0
TEST_12900,9.0
TEST_12901,10.0
TEST_12902,11.0
TEST_12903,10.0
TEST_12904,2.0
TEST_12905,10.0
TEST_12906,14.0
TEST_12907,10.0
TEST_12908,9.0
TEST_12909,10.0
TEST_12910,10.0
TEST_12911,12.0
TEST_12912,10.0
TEST_12913,11.0
TEST_12914,18.0
TEST_12915,10.0
TEST_12916,12.0
TEST_12917,8.0
TEST_12918,10.0
TEST_12919,10.0
TEST_12920,2.0
TEST_12921,10.0
TEST_12922,16.0
TEST_12923,11.0
TEST_12924,10.0
TEST_12925,10.0
TEST_12926,15.0
TEST_12927,17.0
TEST_12928,11.0
TEST_12929,9.0
TEST_12930,9.0
TEST_12931,11.0
TEST_12932,11.0
TEST_12933,20.0
TEST_12934,12.0
TEST_12935,9.0
TEST_12936,11.0
TEST_12937,11.0
TEST_12938,10.0
TEST_12939,10.0
TEST_12940,10.0
TEST_12941,11.0
TEST_12942,11.0
TEST_12943,3.0
TEST_12944,11.0
TEST_12945,11.0
TEST_12946,10.0
TEST_12947,3.0
TEST_12948,16.0
TEST_12949,10.0
TEST_12950,10.0
TEST_12951,11.0
TEST_12952,11.0
TEST_12953,15.0
TEST_12954,11.0
TEST_12955,11.0
TEST_12956,11.0
TEST_12957,10.0
TEST_12958,9.0
TEST_12959,2.0
TEST_12960,10.0
TEST_12961,10.0
TEST_12962,2.0
TEST_12963,10.0
TEST_12964,11.0
TEST_12965,10.0
TEST_12966,10.0
TEST_12967,10.0
TEST_12968,10.0
TEST_12969,10.0
TEST_12970,10.0
TEST_12971,7.0
TEST_12972,2.0
TEST_12973,2.0
TEST_12974,1.0
TEST_12975,3.0
TEST_12976,9.0
TEST_12977,10.0
TEST_12978,3.0
TEST_12979,3.0
TEST_12980,6.0
TEST_12981,11.0
TEST_12982,10.0
TEST_12983,11.0
TEST_12984,10.0
TEST_12985,11.0
TEST_12986,6.0
TEST_12987,11.0
TEST_12988,11.0
TEST_12989,12.0
TEST_12990,16.0
TEST_12991,10.0
TEST_12992,11.0
TEST_12993,10.0
TEST_12994,9.0
TEST_12995,10.0
TEST_12996,11.0
TEST_12997,5.0
TEST_12998,10.0
TEST_12999,10.0
TEST_13000,12.0
TEST_13001,12.0
TEST_13002,10.0
TEST_13003,11.0
TEST_13004,11.0
TEST_13005,8.0
TEST_13006,9.0
TEST_13007,10.0
TEST_13008,10.0
TEST_13009,14.0
TEST_13010,10.0
TEST_13011,10.0
TEST_13012,10.0
TEST_13013,10.0
TEST_13014,11.0
TEST_13015,10.0
TEST_13016,17.0
TEST_13017,10.0
TEST_13018,11.0
TEST_13019,11.0
TEST_13020,12.0
TEST_13021,11.0
TEST_13022,10.0
TEST_13023,12.0
TEST_13024,10.0
TEST_13025,9.0
TEST_13026,10.0
TEST_13027,9.0
TEST_13028,16.0
TEST_13029,10.0
TEST_13030,10.0
TEST_13031,11.0
TEST_13032,3.0
TEST_13033,10.0
TEST_13034,11.0
TEST_13035,10.0
TEST_13036,11.0
TEST_13037,11.0
TEST_13038,8.0
TEST_13039,13.0
TEST_13040,10.0
TEST_13041,12.0
TEST_13042,10.0
TEST_13043,10.0
TEST_13044,1.0
TEST_13045,11.0
TEST_13046,2.0
TEST_13047,13.0
TEST_13048,11.0
TEST_13049,1.0
TEST_13050,11.0
TEST_13051,9.0
TEST_13052,11.0
TEST_13053,10.0
TEST_13054,19.0
TEST_13055,4.0
TEST_13056,10.0
TEST_13057,11.0
TEST_13058,10.0
TEST_13059,11.0
TEST_13060,10.0
TEST_13061,9.0
TEST_13062,3.0
TEST_13063,7.0
TEST_13064,11.0
TEST_13065,10.0
TEST_13066,11.0
TEST_13067,11.0
TEST_13068,11.0
TEST_13069,10.0
TEST_13070,11.0
TEST_13071,8.0
TEST_13072,18.0
TEST_13073,11.0
TEST_13074,8.0
TEST_13075,10.0
TEST_13076,10.0
TEST_13077,11.0
TEST_13078,11.0
TEST_13079,11.0
TEST_13080,10.0
TEST_13081,5.0
TEST_13082,18.0
TEST_13083,11.0
TEST_13084,11.0
TEST_13085,9.0
TEST_13086,10.0
TEST_13087,11.0
TEST_13088,10.0
TEST_13089,10.0
TEST_13090,11.0
TEST_13091,10.0
TEST_13092,10.0
TEST_13093,16.0
TEST_13094,10.0
TEST_13095,11.0
TEST_13096,1.0
TEST_13097,6.0
TEST_13098,12.0
TEST_13099,10.0
TEST_13100,10.0
TEST_13101,8.0
TEST_13102,11.0
TEST_13103,10.0
TEST_13104,9.0
TEST_13105,10.0
TEST_13106,3.0
TEST_13107,11.0
TEST_13108,10.0
TEST_13109,11.0
TEST_13110,11.0
TEST_13111,9.0
TEST_13112,2.0
TEST_13113,11.0
TEST_13114,10.0
TEST_13115,6.0
TEST_13116,11.0
TEST_13117,10.0
TEST_13118,9.0
TEST_13119,10.0
TEST_13120,12.0
TEST_13121,10.0
TEST_13122,11.0
TEST_13123,10.0
TEST_13124,10.0
TEST_13125,10.0
TEST_13126,11.0
TEST_13127,10.0
TEST_13128,11.0
TEST_13129,10.0
TEST_13130,11.0
TEST_13131,10.0
TEST_13132,10.0
TEST_13133,9.0
TEST_13134,10.0
TEST_13135,11.0
TEST_13136,10.0
TEST_13137,12.0
TEST_13138,10.0
TEST_13139,10.0
TEST_13140,17.0
TEST_13141,12.0
TEST_13142,11.0
TEST_13143,10.0
TEST_13144,10.0
TEST_13145,12.0
TEST_13146,3.0
TEST_13147,3.0
TEST_13148,10.0
TEST_13149,11.0
TEST_13150,10.0
TEST_13151,10.0
TEST_13152,15.0
TEST_13153,10.0
TEST_13154,8.0
TEST_13155,9.0
TEST_13156,11.0
TEST_13157,15.0
TEST_13158,11.0
TEST_13159,10.0
TEST_13160,11.0
TEST_13161,22.0
TEST_13162,11.0
TEST_13163,10.0
TEST_13164,11.0
TEST_13165,12.0
TEST_13166,15.0
TEST_13167,11.0
TEST_13168,11.0
TEST_13169,10.0
TEST_13170,12.0
TEST_13171,11.0
TEST_13172,10.0
TEST_13173,2.0
TEST_13174,15.0
TEST_13175,10.0
TEST_13176,10.0
TEST_13177,7.0
TEST_13178,11.0
TEST_13179,2.0
TEST_13180,11.0
TEST_13181,13.0
TEST_13182,10.0
TEST_13183,10.0
TEST_13184,8.0
TEST_13185,21.0
TEST_13186,11.0
TEST_13187,10.0
TEST_13188,2.0
TEST_13189,2.0
TEST_13190,10.0
TEST_13191,10.0
TEST_13192,7.0
TEST_13193,12.0
TEST_13194,10.0
TEST_13195,15.0
TEST_13196,11.0
TEST_13197,10.0
TEST_13198,10.0
TEST_13199,10.0
TEST_13200,10.0
TEST_13201,11.0
TEST_13202,11.0
TEST_13203,10.0
TEST_13204,1.0
TEST_13205,10.0
TEST_13206,20.0
TEST_13207,18.0
TEST_13208,10.0
TEST_13209,10.0
TEST_13210,10.0
TEST_13211,10.0
TEST_13212,10.0
TEST_13213,14.0
TEST_13214,9.0
TEST_13215,5.0
TEST_13216,10.0
TEST_13217,10.0
TEST_13218,12.0
TEST_13219,2.0
TEST_13220,11.0
TEST_13221,10.0
TEST_13222,7.0
TEST_13223,10.0
TEST_13224,10.0
TEST_13225,10.0
TEST_13226,10.0
TEST_13227,11.0
TEST_13228,10.0
TEST_13229,3.0
TEST_13230,12.0
TEST_13231,10.0
TEST_13232,7.0
TEST_13233,11.0
TEST_13234,11.0
TEST_13235,10.0
TEST_13236,19.0
TEST_13237,14.0
TEST_13238,13.0
TEST_13239,11.0
TEST_13240,11.0
TEST_13241,10.0
TEST_13242,11.0
TEST_13243,11.0
TEST_13244,11.0
TEST_13245,11.0
TEST_13246,11.0
TEST_13247,3.0
TEST_13248,10.0
TEST_13249,12.0
TEST_13250,7.0
TEST_13251,11.0
TEST_13252,10.0
TEST_13253,11.0
TEST_13254,10.0
TEST_13255,11.0
TEST_13256,4.0
TEST_13257,11.0
TEST_13258,7.0
TEST_13259,17.0
TEST_13260,11.0
TEST_13261,10.0
TEST_13262,3.0
TEST_13263,11.0
TEST_13264,11.0
TEST_13265,11.0
TEST_13266,10.0
TEST_13267,11.0
TEST_13268,8.0
TEST_13269,9.0
TEST_13270,3.0
TEST_13271,8.0
TEST_13272,11.0
TEST_13273,10.0
TEST_13274,9.0
TEST_13275,11.0
TEST_13276,10.0
TEST_13277,11.0
TEST_13278,15.0
TEST_13279,11.0
TEST_13280,14.0
TEST_13281,10.0
TEST_13282,11.0
TEST_13283,10.0
TEST_13284,10.0
TEST_13285,10.0
TEST_13286,10.0
TEST_13287,11.0
TEST_13288,10.0
TEST_13289,11.0
TEST_13290,10.0
TEST_13291,10.0
TEST_13292,11.0
TEST_13293,10.0
TEST_13294,10.0
TEST_13295,15.0
TEST_13296,11.0
TEST_13297,8.0
TEST_13298,11.0
TEST_13299,11.0
TEST_13300,4.0
TEST_13301,2.0
TEST_13302,10.0
TEST_13303,10.0
TEST_13304,11.0
TEST_13305,2.0
TEST_13306,12.0
TEST_13307,11.0
TEST_13308,10.0
TEST_13309,11.0
TEST_13310,3.0
TEST_13311,11.0
TEST_13312,11.0
TEST_13313,10.0
TEST_13314,11.0
TEST_13315,15.0
TEST_13316,8.0
TEST_13317,11.0
TEST_13318,11.0
TEST_13319,11.0
TEST_13320,11.0
TEST_13321,8.0
TEST_13322,10.0
TEST_13323,11.0
TEST_13324,3.0
TEST_13325,10.0
TEST_13326,10.0
TEST_13327,11.0
TEST_13328,14.0
TEST_13329,18.0
TEST_13330,10.0
TEST_13331,11.0
TEST_13332,5.0
TEST_13333,9.0
TEST_13334,5.0
TEST_13335,11.0
TEST_13336,10.0
TEST_13337,11.0
TEST_13338,10.0
TEST_13339,7.0
TEST_13340,6.0
TEST_13341,10.0
TEST_13342,15.0
TEST_13343,2.0
TEST_13344,10.0
TEST_13345,10.0
TEST_13346,11.0
TEST_13347,9.0
TEST_13348,9.0
TEST_13349,10.0
TEST_13350,9.0
TEST_13351,10.0
TEST_13352,10.0
TEST_13353,8.0
TEST_13354,11.0
TEST_13355,2.0
TEST_13356,2.0
TEST_13357,11.0
TEST_13358,10.0
TEST_13359,9.0
TEST_13360,10.0
TEST_13361,2.0
TEST_13362,9.0
TEST_13363,11.0
TEST_13364,11.0
TEST_13365,11.0
TEST_13366,12.0
TEST_13367,11.0
TEST_13368,10.0
TEST_13369,8.0
TEST_13370,9.0
TEST_13371,11.0
TEST_13372,9.0
TEST_13373,10.0
TEST_13374,15.0
TEST_13375,11.0
TEST_13376,11.0
TEST_13377,9.0
TEST_13378,10.0
TEST_13379,11.0
TEST_13380,12.0
TEST_13381,10.0
TEST_13382,13.0
TEST_13383,10.0
TEST_13384,10.0
TEST_13385,11.0
TEST_13386,10.0
TEST_13387,10.0
TEST_13388,10.0
TEST_13389,10.0
TEST_13390,3.0
TEST_13391,11.0
TEST_13392,11.0
TEST_13393,10.0
TEST_13394,9.0
TEST_13395,13.0
TEST_13396,11.0
TEST_13397,10.0
TEST_13398,10.0
TEST_13399,5.0
TEST_13400,11.0
TEST_13401,7.0
TEST_13402,10.0
TEST_13403,12.0
TEST_13404,5.0
TEST_13405,10.0
TEST_13406,9.0
TEST_13407,11.0
TEST_13408,7.0
TEST_13409,11.0
TEST_13410,10.0
TEST_13411,11.0
TEST_13412,9.0
TEST_13413,11.0
TEST_13414,10.0
TEST_13415,11.0
TEST_13416,10.0
TEST_13417,11.0
TEST_13418,10.0
TEST_13419,6.0
TEST_13420,9.0
TEST_13421,15.0
TEST_13422,11.0
TEST_13423,6.0
TEST_13424,12.0
TEST_13425,2.0
TEST_13426,14.0
TEST_13427,10.0
TEST_13428,10.0
TEST_13429,11.0
TEST_13430,17.0
TEST_13431,11.0
TEST_13432,16.0
TEST_13433,10.0
TEST_13434,12.0
TEST_13435,11.0
TEST_13436,10.0
TEST_13437,11.0
TEST_13438,10.0
TEST_13439,10.0
TEST_13440,2.0
TEST_13441,10.0
TEST_13442,11.0
TEST_13443,10.0
TEST_13444,10.0
TEST_13445,12.0
TEST_13446,12.0
TEST_13447,11.0
TEST_13448,10.0
TEST_13449,2.0
TEST_13450,11.0
TEST_13451,7.0
TEST_13452,10.0
TEST_13453,10.0
TEST_13454,11.0
TEST_13455,11.0
TEST_13456,10.0
TEST_13457,12.0
TEST_13458,11.0
TEST_13459,11.0
TEST_13460,11.0
TEST_13461,10.0
TEST_13462,10.0
TEST_13463,10.0
TEST_13464,11.0
TEST_13465,19.0
TEST_13466,8.0
TEST_13467,6.0
TEST_13468,10.0
TEST_13469,11.0
TEST_13470,2.0
TEST_13471,2.0
TEST_13472,12.0
TEST_13473,9.0
TEST_13474,11.0
TEST_13475,11.0
TEST_13476,10.0
TEST_13477,11.0
TEST_13478,12.0
TEST_13479,10.0
TEST_13480,10.0
TEST_13481,11.0
TEST_13482,18.0
TEST_13483,9.0
TEST_13484,2.0
TEST_13485,15.0
TEST_13486,9.0
TEST_13487,11.0
TEST_13488,5.0
TEST_13489,8.0
TEST_13490,9.0
TEST_13491,10.0
TEST_13492,10.0
TEST_13493,10.0
TEST_13494,6.0
TEST_13495,6.0
TEST_13496,8.0
TEST_13497,10.0
TEST_13498,11.0
TEST_13499,8.0
TEST_13500,10.0
TEST_13501,7.0
TEST_13502,10.0
TEST_13503,7.0
TEST_13504,10.0
TEST_13505,11.0
TEST_13506,10.0
TEST_13507,11.0
TEST_13508,11.0
TEST_13509,7.0
TEST_13510,11.0
TEST_13511,3.0
TEST_13512,10.0
TEST_13513,12.0
TEST_13514,10.0
TEST_13515,9.0
TEST_13516,10.0
TEST_13517,10.0
TEST_13518,13.0
TEST_13519,12.0
TEST_13520,10.0
TEST_13521,5.0
TEST_13522,10.0
TEST_13523,10.0
TEST_13524,11.0
TEST_13525,10.0
TEST_13526,10.0
TEST_13527,11.0
TEST_13528,1.0
TEST_13529,10.0
TEST_13530,3.0
TEST_13531,2.0
TEST_13532,11.0
TEST_13533,13.0
TEST_13534,11.0
TEST_13535,1.0
TEST_13536,11.0
TEST_13537,11.0
TEST_13538,10.0
TEST_13539,10.0
TEST_13540,14.0
TEST_13541,10.0
TEST_13542,11.0
TEST_13543,11.0
TEST_13544,11.0
TEST_13545,11.0
TEST_13546,11.0
TEST_13547,10.0
TEST_13548,10.0
TEST_13549,10.0
TEST_13550,11.0
TEST_13551,10.0
TEST_13552,10.0
TEST_13553,8.0
TEST_13554,11.0
TEST_13555,11.0
TEST_13556,11.0
TEST_13557,9.0
TEST_13558,9.0
TEST_13559,11.0
TEST_13560,11.0
TEST_13561,10.0
TEST_13562,8.0
TEST_13563,10.0
TEST_13564,10.0
TEST_13565,10.0
TEST_13566,10.0
TEST_13567,8.0
TEST_13568,5.0
TEST_13569,10.0
TEST_13570,11.0
TEST_13571,1.0
TEST_13572,11.0
TEST_13573,10.0
TEST_13574,11.0
TEST_13575,8.0
TEST_13576,11.0
TEST_13577,10.0
TEST_13578,9.0
TEST_13579,10.0
TEST_13580,16.0
TEST_13581,11.0
TEST_13582,8.0
TEST_13583,11.0
TEST_13584,11.0
TEST_13585,1.0
TEST_13586,11.0
TEST_13587,10.0
TEST_13588,2.0
TEST_13589,8.0
TEST_13590,3.0
TEST_13591,11.0
TEST_13592,13.0
TEST_13593,10.0
TEST_13594,9.0
TEST_13595,10.0
TEST_13596,11.0
TEST_13597,10.0
TEST_13598,2.0
TEST_13599,11.0
TEST_13600,11.0
TEST_13601,1.0
TEST_13602,11.0
TEST_13603,11.0
TEST_13604,10.0
TEST_13605,10.0
TEST_13606,10.0
TEST_13607,10.0
TEST_13608,11.0
TEST_13609,11.0
TEST_13610,11.0
TEST_13611,9.0
TEST_13612,10.0
TEST_13613,11.0
TEST_13614,11.0
TEST_13615,10.0
TEST_13616,11.0
TEST_13617,7.0
TEST_13618,11.0
TEST_13619,10.0
TEST_13620,2.0
TEST_13621,11.0
TEST_13622,11.0
TEST_13623,12.0
TEST_13624,10.0
TEST_13625,12.0
TEST_13626,10.0
TEST_13627,10.0
TEST_13628,11.0
TEST_13629,10.0
TEST_13630,10.0
TEST_13631,11.0
TEST_13632,11.0
TEST_13633,10.0
TEST_13634,3.0
TEST_13635,16.0
TEST_13636,10.0
TEST_13637,9.0
TEST_13638,11.0
TEST_13639,10.0
TEST_13640,10.0
TEST_13641,16.0
TEST_13642,10.0
TEST_13643,12.0
TEST_13644,10.0
TEST_13645,11.0
TEST_13646,9.0
TEST_13647,11.0
TEST_13648,11.0
TEST_13649,13.0
TEST_13650,9.0
TEST_13651,11.0
TEST_13652,10.0
TEST_13653,10.0
TEST_13654,11.0
TEST_13655,10.0
TEST_13656,11.0
TEST_13657,10.0
TEST_13658,19.0
TEST_13659,10.0
TEST_13660,10.0
TEST_13661,11.0
TEST_13662,10.0
TEST_13663,11.0
TEST_13664,14.0
TEST_13665,10.0
TEST_13666,10.0
TEST_13667,11.0
TEST_13668,10.0
TEST_13669,7.0
TEST_13670,10.0
TEST_13671,10.0
TEST_13672,10.0
TEST_13673,3.0
TEST_13674,10.0
TEST_13675,8.0
TEST_13676,11.0
TEST_13677,10.0
TEST_13678,10.0
TEST_13679,2.0
TEST_13680,9.0
TEST_13681,11.0
TEST_13682,11.0
TEST_13683,7.0
TEST_13684,11.0
TEST_13685,2.0
TEST_13686,10.0
TEST_13687,2.0
TEST_13688,11.0
TEST_13689,11.0
TEST_13690,3.0
TEST_13691,11.0
TEST_13692,11.0
TEST_13693,11.0
TEST_13694,10.0
TEST_13695,11.0
TEST_13696,2.0
TEST_13697,7.0
TEST_13698,10.0
TEST_13699,10.0
TEST_13700,11.0
TEST_13701,11.0
TEST_13702,11.0
TEST_13703,12.0
TEST_13704,10.0
TEST_13705,11.0
TEST_13706,3.0
TEST_13707,21.0
TEST_13708,9.0
TEST_13709,11.0
TEST_13710,11.0
TEST_13711,8.0
TEST_13712,10.0
TEST_13713,10.0
TEST_13714,10.0
TEST_13715,7.0
TEST_13716,19.0
TEST_13717,10.0
TEST_13718,11.0
TEST_13719,10.0
TEST_13720,11.0
TEST_13721,1.0
TEST_13722,17.0
TEST_13723,9.0
TEST_13724,11.0
TEST_13725,2.0
TEST_13726,11.0
TEST_13727,10.0
TEST_13728,10.0
TEST_13729,10.0
TEST_13730,10.0
TEST_13731,15.0
TEST_13732,10.0
TEST_13733,10.0
TEST_13734,11.0
TEST_13735,2.0
TEST_13736,10.0
TEST_13737,16.0
TEST_13738,11.0
TEST_13739,11.0
TEST_13740,10.0
TEST_13741,11.0
TEST_13742,10.0
TEST_13743,6.0
TEST_13744,10.0
TEST_13745,11.0
TEST_13746,12.0
TEST_13747,12.0
TEST_13748,11.0
TEST_13749,3.0
TEST_13750,11.0
TEST_13751,19.0
TEST_13752,9.0
TEST_13753,9.0
TEST_13754,10.0
TEST_13755,10.0
TEST_13756,10.0
TEST_13757,17.0
TEST_13758,12.0
TEST_13759,9.0
TEST_13760,10.0
TEST_13761,11.0
TEST_13762,10.0
TEST_13763,10.0
TEST_13764,11.0
TEST_13765,11.0
TEST_13766,10.0
TEST_13767,10.0
TEST_13768,15.0
TEST_13769,10.0
TEST_13770,10.0
TEST_13771,9.0
TEST_13772,14.0
TEST_13773,10.0
TEST_13774,15.0
TEST_13775,11.0
TEST_13776,11.0
TEST_13777,10.0
TEST_13778,11.0
TEST_13779,8.0
TEST_13780,10.0
TEST_13781,10.0
TEST_13782,11.0
TEST_13783,10.0
TEST_13784,10.0
TEST_13785,10.0
TEST_13786,3.0
TEST_13787,11.0
TEST_13788,11.0
TEST_13789,10.0
TEST_13790,10.0
TEST_13791,10.0
TEST_13792,11.0
TEST_13793,11.0
TEST_13794,10.0
TEST_13795,10.0
TEST_13796,8.0
TEST_13797,11.0
TEST_13798,11.0
TEST_13799,11.0
TEST_13800,11.0
TEST_13801,9.0
TEST_13802,8.0
TEST_13803,9.0
TEST_13804,3.0
TEST_13805,11.0
TEST_13806,19.0
TEST_13807,10.0
TEST_13808,12.0
TEST_13809,12.0
TEST_13810,2.0
TEST_13811,10.0
TEST_13812,11.0
TEST_13813,12.0
TEST_13814,10.0
TEST_13815,11.0
TEST_13816,9.0
TEST_13817,11.0
TEST_13818,15.0
TEST_13819,9.0
TEST_13820,10.0
TEST_13821,10.0
TEST_13822,10.0
TEST_13823,11.0
TEST_13824,10.0
TEST_13825,2.0
TEST_13826,10.0
TEST_13827,10.0
TEST_13828,9.0
TEST_13829,3.0
TEST_13830,11.0
TEST_13831,10.0
TEST_13832,15.0
TEST_13833,11.0
TEST_13834,9.0
TEST_13835,11.0
TEST_13836,11.0
TEST_13837,13.0
TEST_13838,10.0
TEST_13839,10.0
TEST_13840,10.0
TEST_13841,3.0
TEST_13842,10.0
TEST_13843,10.0
TEST_13844,2.0
TEST_13845,1.0
TEST_13846,16.0
TEST_13847,12.0
TEST_13848,8.0
TEST_13849,11.0
TEST_13850,9.0
TEST_13851,10.0
TEST_13852,11.0
TEST_13853,7.0
TEST_13854,10.0
TEST_13855,10.0
TEST_13856,1.0
TEST_13857,4.0
TEST_13858,3.0
TEST_13859,12.0
TEST_13860,2.0
TEST_13861,11.0
TEST_13862,11.0
TEST_13863,10.0
TEST_13864,5.0
TEST_13865,15.0
TEST_13866,13.0
TEST_13867,11.0
TEST_13868,11.0
TEST_13869,12.0
TEST_13870,11.0
TEST_13871,8.0
TEST_13872,10.0
TEST_13873,18.0
TEST_13874,10.0
TEST_13875,10.0
TEST_13876,10.0
TEST_13877,10.0
TEST_13878,11.0
TEST_13879,7.0
TEST_13880,11.0
TEST_13881,10.0
TEST_13882,14.0
TEST_13883,11.0
TEST_13884,11.0
TEST_13885,21.0
TEST_13886,1.0
TEST_13887,14.0
TEST_13888,11.0
TEST_13889,2.0
TEST_13890,2.0
TEST_13891,10.0
TEST_13892,10.0
TEST_13893,10.0
TEST_13894,10.0
TEST_13895,10.0
TEST_13896,16.0
TEST_13897,10.0
TEST_13898,10.0
TEST_13899,11.0
TEST_13900,10.0
TEST_13901,10.0
TEST_13902,10.0
TEST_13903,14.0
TEST_13904,11.0
TEST_13905,11.0
TEST_13906,10.0
TEST_13907,11.0
TEST_13908,10.0
TEST_13909,11.0
TEST_13910,9.0
TEST_13911,14.0
TEST_13912,13.0
TEST_13913,10.0
TEST_13914,10.0
TEST_13915,11.0
TEST_13916,7.0
TEST_13917,11.0
TEST_13918,2.0
TEST_13919,10.0
TEST_13920,11.0
TEST_13921,10.0
TEST_13922,10.0
TEST_13923,10.0
TEST_13924,10.0
TEST_13925,10.0
TEST_13926,18.0
TEST_13927,11.0
TEST_13928,10.0
TEST_13929,9.0
TEST_13930,10.0
TEST_13931,10.0
TEST_13932,10.0
TEST_13933,18.0
TEST_13934,10.0
TEST_13935,15.0
TEST_13936,10.0
TEST_13937,2.0
TEST_13938,10.0
TEST_13939,10.0
TEST_13940,10.0
TEST_13941,20.0
TEST_13942,10.0
TEST_13943,14.0
TEST_13944,11.0
TEST_13945,10.0
TEST_13946,10.0
TEST_13947,13.0
TEST_13948,12.0
TEST_13949,15.0
TEST_13950,11.0
TEST_13951,10.0
TEST_13952,11.0
TEST_13953,11.0
TEST_13954,10.0
TEST_13955,11.0
TEST_13956,2.0
TEST_13957,9.0
TEST_13958,10.0
TEST_13959,11.0
TEST_13960,5.0
TEST_13961,10.0
TEST_13962,10.0
TEST_13963,19.0
TEST_13964,11.0
TEST_13965,11.0
TEST_13966,3.0
TEST_13967,10.0
TEST_13968,10.0
TEST_13969,11.0
TEST_13970,11.0
TEST_13971,11.0
TEST_13972,10.0
TEST_13973,11.0
TEST_13974,15.0
TEST_13975,18.0
TEST_13976,11.0
TEST_13977,9.0
TEST_13978,15.0
TEST_13979,2.0
TEST_13980,1.0
TEST_13981,9.0
TEST_13982,10.0
TEST_13983,10.0
TEST_13984,10.0
TEST_13985,8.0
TEST_13986,11.0
TEST_13987,10.0
TEST_13988,11.0
TEST_13989,10.0
TEST_13990,10.0
TEST_13991,11.0
TEST_13992,10.0
TEST_13993,9.0
TEST_13994,12.0
TEST_13995,5.0
TEST_13996,10.0
TEST_13997,16.0
TEST_13998,11.0
TEST_13999,13.0
TEST_14000,10.0
TEST_14001,7.0
TEST_14002,11.0
TEST_14003,5.0
TEST_14004,11.0
TEST_14005,15.0
TEST_14006,10.0
TEST_14007,10.0
TEST_14008,11.0
TEST_14009,10.0
TEST_14010,10.0
TEST_14011,10.0
TEST_14012,10.0
TEST_14013,11.0
TEST_14014,11.0
TEST_14015,11.0
TEST_14016,11.0
TEST_14017,11.0
TEST_14018,11.0
TEST_14019,10.0
TEST_14020,15.0
TEST_14021,9.0
TEST_14022,9.0
TEST_14023,11.0
TEST_14024,10.0
TEST_14025,10.0
TEST_14026,10.0
TEST_14027,12.0
TEST_14028,10.0
TEST_14029,10.0
TEST_14030,9.0
TEST_14031,10.0
TEST_14032,10.0
TEST_14033,10.0
TEST_14034,11.0
TEST_14035,11.0
TEST_14036,10.0
TEST_14037,20.0
TEST_14038,3.0
TEST_14039,10.0
TEST_14040,4.0
TEST_14041,10.0
TEST_14042,11.0
TEST_14043,11.0
TEST_14044,4.0
TEST_14045,10.0
TEST_14046,10.0
TEST_14047,10.0
TEST_14048,11.0
TEST_14049,12.0
TEST_14050,10.0
TEST_14051,9.0
TEST_14052,8.0
TEST_14053,12.0
TEST_14054,15.0
TEST_14055,10.0
TEST_14056,10.0
TEST_14057,10.0
TEST_14058,8.0
TEST_14059,19.0
TEST_14060,11.0
TEST_14061,13.0
TEST_14062,11.0
TEST_14063,3.0
TEST_14064,10.0
TEST_14065,9.0
TEST_14066,11.0
TEST_14067,10.0
TEST_14068,9.0
TEST_14069,17.0
TEST_14070,11.0
TEST_14071,6.0
TEST_14072,11.0
TEST_14073,12.0
TEST_14074,10.0
TEST_14075,10.0
TEST_14076,11.0
TEST_14077,11.0
TEST_14078,8.0
TEST_14079,10.0
TEST_14080,11.0
TEST_14081,11.0
TEST_14082,10.0
TEST_14083,12.0
TEST_14084,13.0
TEST_14085,15.0
TEST_14086,6.0
TEST_14087,11.0
TEST_14088,10.0
TEST_14089,17.0
TEST_14090,8.0
TEST_14091,11.0
TEST_14092,11.0
TEST_14093,11.0
TEST_14094,11.0
TEST_14095,10.0
TEST_14096,11.0
TEST_14097,9.0
TEST_14098,3.0
TEST_14099,10.0
TEST_14100,12.0
TEST_14101,10.0
TEST_14102,11.0
TEST_14103,16.0
TEST_14104,5.0
TEST_14105,15.0
TEST_14106,9.0
TEST_14107,10.0
TEST_14108,10.0
TEST_14109,11.0
TEST_14110,10.0
TEST_14111,7.0
TEST_14112,11.0
TEST_14113,1.0
TEST_14114,10.0
TEST_14115,13.0
TEST_14116,10.0
TEST_14117,10.0
TEST_14118,10.0
TEST_14119,10.0
TEST_14120,10.0
TEST_14121,14.0
TEST_14122,5.0
TEST_14123,10.0
TEST_14124,10.0
TEST_14125,9.0
TEST_14126,18.0
TEST_14127,10.0
TEST_14128,8.0
TEST_14129,17.0
TEST_14130,13.0
TEST_14131,11.0
TEST_14132,10.0
TEST_14133,13.0
TEST_14134,2.0
TEST_14135,10.0
TEST_14136,14.0
TEST_14137,10.0
TEST_14138,15.0
TEST_14139,10.0
TEST_14140,10.0
TEST_14141,12.0
TEST_14142,9.0
TEST_14143,9.0
TEST_14144,11.0
TEST_14145,8.0
TEST_14146,11.0
TEST_14147,12.0
TEST_14148,3.0
TEST_14149,10.0
TEST_14150,10.0
TEST_14151,11.0
TEST_14152,19.0
TEST_14153,11.0
TEST_14154,11.0
TEST_14155,10.0
TEST_14156,12.0
TEST_14157,10.0
TEST_14158,2.0
TEST_14159,10.0
TEST_14160,11.0
TEST_14161,10.0
TEST_14162,10.0
TEST_14163,11.0
TEST_14164,11.0
TEST_14165,10.0
TEST_14166,12.0
TEST_14167,11.0
TEST_14168,10.0
TEST_14169,11.0
TEST_14170,2.0
TEST_14171,11.0
TEST_14172,7.0
TEST_14173,13.0
TEST_14174,11.0
TEST_14175,11.0
TEST_14176,10.0
TEST_14177,11.0
TEST_14178,10.0
TEST_14179,11.0
TEST_14180,12.0
TEST_14181,10.0
TEST_14182,15.0
TEST_14183,8.0
TEST_14184,11.0
TEST_14185,11.0
TEST_14186,10.0
TEST_14187,11.0
TEST_14188,10.0
TEST_14189,11.0
TEST_14190,4.0
TEST_14191,10.0
TEST_14192,11.0
TEST_14193,10.0
TEST_14194,11.0
TEST_14195,1.0
TEST_14196,10.0
TEST_14197,10.0
TEST_14198,11.0
TEST_14199,17.0
TEST_14200,10.0
TEST_14201,10.0
TEST_14202,10.0
TEST_14203,2.0
TEST_14204,11.0
TEST_14205,12.0
TEST_14206,2.0
TEST_14207,13.0
TEST_14208,11.0
TEST_14209,9.0
TEST_14210,10.0
TEST_14211,13.0
TEST_14212,16.0
TEST_14213,10.0
TEST_14214,13.0
TEST_14215,11.0
TEST_14216,10.0
TEST_14217,10.0
TEST_14218,12.0
TEST_14219,11.0
TEST_14220,10.0
TEST_14221,3.0
TEST_14222,10.0
TEST_14223,12.0
TEST_14224,10.0
TEST_14225,12.0
TEST_14226,10.0
TEST_14227,10.0
TEST_14228,10.0
TEST_14229,9.0
TEST_14230,8.0
TEST_14231,10.0
TEST_14232,12.0
TEST_14233,13.0
TEST_14234,12.0
TEST_14235,11.0
TEST_14236,11.0
TEST_14237,11.0
TEST_14238,11.0
TEST_14239,10.0
TEST_14240,15.0
TEST_14241,10.0
TEST_14242,9.0
TEST_14243,8.0
TEST_14244,10.0
TEST_14245,13.0
TEST_14246,11.0
TEST_14247,18.0
TEST_14248,7.0
TEST_14249,10.0
TEST_14250,15.0
TEST_14251,11.0
TEST_14252,8.0
TEST_14253,10.0
TEST_14254,10.0
TEST_14255,10.0
TEST_14256,9.0
TEST_14257,10.0
TEST_14258,10.0
TEST_14259,2.0
TEST_14260,11.0
TEST_14261,11.0
TEST_14262,11.0
TEST_14263,10.0
TEST_14264,10.0
TEST_14265,10.0
TEST_14266,10.0
TEST_14267,1.0
TEST_14268,11.0
TEST_14269,11.0
TEST_14270,11.0
TEST_14271,10.0
TEST_14272,11.0
TEST_14273,7.0
TEST_14274,4.0
TEST_14275,10.0
TEST_14276,12.0
TEST_14277,17.0
TEST_14278,11.0
TEST_14279,8.0
TEST_14280,11.0
TEST_14281,10.0
TEST_14282,10.0
TEST_14283,9.0
TEST_14284,10.0
TEST_14285,13.0
TEST_14286,11.0
TEST_14287,1.0
TEST_14288,15.0
TEST_14289,11.0
TEST_14290,8.0
TEST_14291,10.0
TEST_14292,10.0
TEST_14293,12.0
TEST_14294,10.0
TEST_14295,9.0
TEST_14296,11.0
TEST_14297,10.0
TEST_14298,1.0
TEST_14299,11.0
TEST_14300,7.0
TEST_14301,3.0
TEST_14302,10.0
TEST_14303,11.0
TEST_14304,12.0
TEST_14305,10.0
TEST_14306,12.0
TEST_14307,2.0
TEST_14308,8.0
TEST_14309,10.0
TEST_14310,10.0
TEST_14311,12.0
TEST_14312,3.0
TEST_14313,11.0
TEST_14314,1.0
TEST_14315,8.0
TEST_14316,5.0
TEST_14317,10.0
TEST_14318,10.0
TEST_14319,10.0
TEST_14320,10.0
TEST_14321,10.0
TEST_14322,11.0
TEST_14323,11.0
TEST_14324,12.0
TEST_14325,16.0
TEST_14326,11.0
TEST_14327,11.0
TEST_14328,9.0
TEST_14329,10.0
TEST_14330,9.0
TEST_14331,12.0
TEST_14332,10.0
TEST_14333,10.0
TEST_14334,11.0
TEST_14335,11.0
TEST_14336,10.0
TEST_14337,10.0
TEST_14338,10.0
TEST_14339,11.0
TEST_14340,8.0
TEST_14341,2.0
TEST_14342,11.0
TEST_14343,10.0
TEST_14344,11.0
TEST_14345,6.0
TEST_14346,10.0
TEST_14347,11.0
TEST_14348,9.0
TEST_14349,10.0
TEST_14350,20.0
TEST_14351,10.0
TEST_14352,8.0
TEST_14353,1.0
TEST_14354,22.0
TEST_14355,11.0
TEST_14356,10.0
TEST_14357,10.0
TEST_14358,11.0
TEST_14359,10.0
TEST_14360,10.0
TEST_14361,10.0
TEST_14362,10.0
TEST_14363,11.0
TEST_14364,11.0
TEST_14365,10.0
TEST_14366,10.0
TEST_14367,16.0
TEST_14368,10.0
TEST_14369,11.0
TEST_14370,11.0
TEST_14371,11.0
TEST_14372,10.0
TEST_14373,12.0
TEST_14374,11.0
TEST_14375,10.0
TEST_14376,2.0
TEST_14377,11.0
TEST_14378,22.0
TEST_14379,10.0
TEST_14380,12.0
TEST_14381,10.0
TEST_14382,9.0
TEST_14383,10.0
TEST_14384,11.0
TEST_14385,9.0
TEST_14386,11.0
TEST_14387,11.0
TEST_14388,14.0
TEST_14389,11.0
TEST_14390,11.0
TEST_14391,10.0
TEST_14392,11.0
TEST_14393,11.0
TEST_14394,7.0
TEST_14395,3.0
TEST_14396,9.0
TEST_14397,10.0
TEST_14398,9.0
TEST_14399,11.0
TEST_14400,6.0
TEST_14401,10.0
TEST_14402,12.0
TEST_14403,1.0
TEST_14404,10.0
TEST_14405,14.0
TEST_14406,10.0
TEST_14407,10.0
TEST_14408,22.0
TEST_14409,11.0
TEST_14410,10.0
TEST_14411,11.0
TEST_14412,20.0
TEST_14413,2.0
TEST_14414,10.0
TEST_14415,9.0
TEST_14416,11.0
TEST_14417,10.0
TEST_14418,7.0
TEST_14419,15.0
TEST_14420,11.0
TEST_14421,11.0
TEST_14422,11.0
TEST_14423,14.0
TEST_14424,10.0
TEST_14425,10.0
TEST_14426,2.0
TEST_14427,11.0
TEST_14428,11.0
TEST_14429,7.0
TEST_14430,10.0
TEST_14431,10.0
TEST_14432,11.0
TEST_14433,11.0
TEST_14434,11.0
TEST_14435,15.0
TEST_14436,10.0
TEST_14437,2.0
TEST_14438,11.0
TEST_14439,15.0
TEST_14440,2.0
TEST_14441,10.0
TEST_14442,14.0
TEST_14443,10.0
TEST_14444,9.0
TEST_14445,9.0
TEST_14446,10.0
TEST_14447,11.0
TEST_14448,10.0
TEST_14449,11.0
TEST_14450,5.0
TEST_14451,11.0
TEST_14452,20.0
TEST_14453,14.0
TEST_14454,2.0
TEST_14455,10.0
TEST_14456,10.0
TEST_14457,11.0
TEST_14458,10.0
TEST_14459,10.0
TEST_14460,11.0
TEST_14461,10.0
TEST_14462,10.0
TEST_14463,11.0
TEST_14464,11.0
TEST_14465,12.0
TEST_14466,19.0
TEST_14467,11.0
TEST_14468,3.0
TEST_14469,10.0
TEST_14470,11.0
TEST_14471,11.0
TEST_14472,10.0
TEST_14473,16.0
TEST_14474,3.0
TEST_14475,16.0
TEST_14476,10.0
TEST_14477,11.0
TEST_14478,15.0
TEST_14479,10.0
TEST_14480,8.0
TEST_14481,11.0
TEST_14482,10.0
TEST_14483,11.0
TEST_14484,11.0
TEST_14485,10.0
TEST_14486,11.0
TEST_14487,7.0
TEST_14488,10.0
TEST_14489,11.0
TEST_14490,7.0
TEST_14491,11.0
TEST_14492,10.0
TEST_14493,11.0
TEST_14494,11.0
TEST_14495,11.0
TEST_14496,12.0
TEST_14497,18.0
TEST_14498,10.0
TEST_14499,10.0
TEST_14500,16.0
TEST_14501,13.0
TEST_14502,9.0
TEST_14503,12.0
TEST_14504,10.0
TEST_14505,7.0
TEST_14506,10.0
TEST_14507,8.0
TEST_14508,12.0
TEST_14509,10.0
TEST_14510,12.0
TEST_14511,10.0
TEST_14512,10.0
TEST_14513,18.0
TEST_14514,11.0
TEST_14515,10.0
TEST_14516,14.0
TEST_14517,10.0
TEST_14518,12.0
TEST_14519,10.0
TEST_14520,10.0
TEST_14521,11.0
TEST_14522,12.0
TEST_14523,7.0
TEST_14524,11.0
TEST_14525,10.0
TEST_14526,10.0
TEST_14527,2.0
TEST_14528,11.0
TEST_14529,8.0
TEST_14530,14.0
TEST_14531,1.0
TEST_14532,11.0
TEST_14533,1.0
TEST_14534,10.0
TEST_14535,9.0
TEST_14536,17.0
TEST_14537,16.0
TEST_14538,11.0
TEST_14539,3.0
TEST_14540,11.0
TEST_14541,12.0
TEST_14542,8.0
TEST_14543,10.0
TEST_14544,12.0
TEST_14545,10.0
TEST_14546,8.0
TEST_14547,21.0
TEST_14548,10.0
TEST_14549,10.0
TEST_14550,11.0
TEST_14551,11.0
TEST_14552,18.0
TEST_14553,10.0
TEST_14554,10.0
TEST_14555,2.0
TEST_14556,10.0
TEST_14557,10.0
TEST_14558,11.0
TEST_14559,9.0
TEST_14560,10.0
TEST_14561,10.0
TEST_14562,5.0
TEST_14563,12.0
TEST_14564,10.0
TEST_14565,12.0
TEST_14566,10.0
TEST_14567,10.0
TEST_14568,10.0
TEST_14569,10.0
TEST_14570,10.0
TEST_14571,10.0
TEST_14572,11.0
TEST_14573,10.0
TEST_14574,10.0
TEST_14575,10.0
TEST_14576,10.0
TEST_14577,8.0
TEST_14578,12.0
TEST_14579,11.0
TEST_14580,12.0
TEST_14581,11.0
TEST_14582,10.0
TEST_14583,13.0
TEST_14584,11.0
TEST_14585,12.0
TEST_14586,12.0
TEST_14587,11.0
TEST_14588,9.0
TEST_14589,10.0
TEST_14590,11.0
TEST_14591,10.0
TEST_14592,11.0
TEST_14593,11.0
TEST_14594,10.0
TEST_14595,11.0
TEST_14596,3.0
TEST_14597,15.0
TEST_14598,10.0
TEST_14599,10.0
TEST_14600,10.0
TEST_14601,11.0
TEST_14602,11.0
TEST_14603,11.0
TEST_14604,11.0
TEST_14605,9.0
TEST_14606,9.0
TEST_14607,16.0
TEST_14608,11.0
TEST_14609,10.0
TEST_14610,15.0
TEST_14611,10.0
TEST_14612,9.0
TEST_14613,14.0
TEST_14614,16.0
TEST_14615,11.0
TEST_14616,12.0
TEST_14617,10.0
TEST_14618,11.0
TEST_14619,12.0
TEST_14620,3.0
TEST_14621,11.0
TEST_14622,18.0
TEST_14623,8.0
TEST_14624,11.0
TEST_14625,8.0
TEST_14626,10.0
TEST_14627,12.0
TEST_14628,10.0
TEST_14629,17.0
TEST_14630,10.0
TEST_14631,9.0
TEST_14632,7.0
TEST_14633,10.0
TEST_14634,15.0
TEST_14635,11.0
TEST_14636,10.0
TEST_14637,10.0
TEST_14638,10.0
TEST_14639,8.0
TEST_14640,10.0
TEST_14641,11.0
TEST_14642,11.0
TEST_14643,8.0
TEST_14644,10.0
TEST_14645,5.0
TEST_14646,10.0
TEST_14647,10.0
TEST_14648,10.0
TEST_14649,11.0
TEST_14650,16.0
TEST_14651,7.0
TEST_14652,19.0
TEST_14653,10.0
TEST_14654,11.0
TEST_14655,17.0
TEST_14656,10.0
TEST_14657,12.0
TEST_14658,2.0
TEST_14659,10.0
TEST_14660,10.0
TEST_14661,11.0
TEST_14662,10.0
TEST_14663,10.0
TEST_14664,10.0
TEST_14665,21.0
TEST_14666,10.0
TEST_14667,16.0
TEST_14668,12.0
TEST_14669,11.0
TEST_14670,11.0
TEST_14671,1.0
TEST_14672,10.0
TEST_14673,11.0
TEST_14674,2.0
TEST_14675,9.0
TEST_14676,10.0
TEST_14677,10.0
TEST_14678,5.0
TEST_14679,10.0
TEST_14680,12.0
TEST_14681,10.0
TEST_14682,10.0
TEST_14683,10.0
TEST_14684,10.0
TEST_14685,10.0
TEST_14686,10.0
TEST_14687,11.0
TEST_14688,10.0
TEST_14689,3.0
TEST_14690,11.0
TEST_14691,11.0
TEST_14692,11.0
TEST_14693,2.0
TEST_14694,11.0
TEST_14695,10.0
TEST_14696,20.0
TEST_14697,11.0
TEST_14698,16.0
TEST_14699,10.0
TEST_14700,10.0
TEST_14701,3.0
TEST_14702,10.0
TEST_14703,9.0
TEST_14704,11.0
TEST_14705,10.0
TEST_14706,3.0
TEST_14707,11.0
TEST_14708,8.0
TEST_14709,10.0
TEST_14710,16.0
TEST_14711,10.0
TEST_14712,1.0
TEST_14713,3.0
TEST_14714,10.0
TEST_14715,10.0
TEST_14716,10.0
TEST_14717,7.0
TEST_14718,13.0
TEST_14719,6.0
TEST_14720,12.0
TEST_14721,10.0
TEST_14722,11.0
TEST_14723,10.0
TEST_14724,10.0
TEST_14725,10.0
TEST_14726,10.0
TEST_14727,11.0
TEST_14728,7.0
TEST_14729,8.0
TEST_14730,10.0
TEST_14731,11.0
TEST_14732,1.0
TEST_14733,11.0
TEST_14734,11.0
TEST_14735,12.0
TEST_14736,3.0
TEST_14737,6.0
TEST_14738,10.0
TEST_14739,10.0
TEST_14740,12.0
TEST_14741,10.0
TEST_14742,10.0
TEST_14743,3.0
TEST_14744,11.0
TEST_14745,10.0
TEST_14746,10.0
TEST_14747,8.0
TEST_14748,11.0
TEST_14749,18.0
TEST_14750,10.0
TEST_14751,12.0
TEST_14752,10.0
TEST_14753,11.0
TEST_14754,10.0
TEST_14755,8.0
TEST_14756,7.0
TEST_14757,9.0
TEST_14758,10.0
TEST_14759,12.0
TEST_14760,9.0
TEST_14761,10.0
TEST_14762,10.0
TEST_14763,10.0
TEST_14764,11.0
TEST_14765,10.0
TEST_14766,10.0
TEST_14767,10.0
TEST_14768,9.0
TEST_14769,11.0
TEST_14770,7.0
TEST_14771,9.0
TEST_14772,11.0
TEST_14773,11.0
TEST_14774,10.0
TEST_14775,10.0
TEST_14776,10.0
TEST_14777,11.0
TEST_14778,14.0
TEST_14779,11.0
TEST_14780,9.0
TEST_14781,6.0
TEST_14782,10.0
TEST_14783,9.0
TEST_14784,10.0
TEST_14785,14.0
TEST_14786,11.0
TEST_14787,8.0
TEST_14788,10.0
TEST_14789,11.0
TEST_14790,11.0
TEST_14791,10.0
TEST_14792,11.0
TEST_14793,13.0
TEST_14794,11.0
TEST_14795,11.0
TEST_14796,10.0
TEST_14797,8.0
TEST_14798,11.0
TEST_14799,2.0
TEST_14800,11.0
TEST_14801,10.0
TEST_14802,10.0
TEST_14803,10.0
TEST_14804,1.0
TEST_14805,2.0
TEST_14806,9.0
TEST_14807,11.0
TEST_14808,11.0
TEST_14809,11.0
TEST_14810,14.0
TEST_14811,11.0
TEST_14812,11.0
TEST_14813,11.0
TEST_14814,10.0
TEST_14815,11.0
TEST_14816,11.0
TEST_14817,10.0
TEST_14818,10.0
TEST_14819,10.0
TEST_14820,8.0
TEST_14821,10.0
TEST_14822,10.0
TEST_14823,2.0
TEST_14824,5.0
TEST_14825,7.0
TEST_14826,11.0
TEST_14827,3.0
TEST_14828,11.0
TEST_14829,11.0
TEST_14830,12.0
TEST_14831,11.0
TEST_14832,10.0
TEST_14833,13.0
TEST_14834,10.0
TEST_14835,10.0
TEST_14836,10.0
TEST_14837,10.0
TEST_14838,11.0
TEST_14839,11.0
TEST_14840,11.0
TEST_14841,7.0
TEST_14842,10.0
TEST_14843,12.0
TEST_14844,13.0
TEST_14845,11.0
TEST_14846,11.0
TEST_14847,11.0
TEST_14848,1.0
TEST_14849,11.0
TEST_14850,2.0
TEST_14851,10.0
TEST_14852,10.0
TEST_14853,17.0
TEST_14854,10.0
TEST_14855,2.0
TEST_14856,7.0
TEST_14857,9.0
TEST_14858,10.0
TEST_14859,12.0
TEST_14860,1.0
TEST_14861,10.0
TEST_14862,1.0
TEST_14863,2.0
TEST_14864,8.0
TEST_14865,10.0
TEST_14866,10.0
TEST_14867,6.0
TEST_14868,11.0
TEST_14869,17.0
TEST_14870,11.0
TEST_14871,9.0
TEST_14872,9.0
TEST_14873,10.0
TEST_14874,11.0
TEST_14875,12.0
TEST_14876,10.0
TEST_14877,16.0
TEST_14878,11.0
TEST_14879,11.0
TEST_14880,10.0
TEST_14881,10.0
TEST_14882,10.0
TEST_14883,2.0
TEST_14884,5.0
TEST_14885,11.0
TEST_14886,11.0
TEST_14887,11.0
TEST_14888,10.0
TEST_14889,12.0
TEST_14890,10.0
TEST_14891,11.0
TEST_14892,5.0
TEST_14893,12.0
TEST_14894,10.0
TEST_14895,10.0
TEST_14896,11.0
TEST_14897,10.0
TEST_14898,3.0
TEST_14899,11.0
TEST_14900,11.0
TEST_14901,10.0
TEST_14902,10.0
TEST_14903,8.0
TEST_14904,10.0
TEST_14905,10.0
TEST_14906,7.0
TEST_14907,12.0
TEST_14908,13.0
TEST_14909,11.0
TEST_14910,9.0
TEST_14911,10.0
TEST_14912,10.0
TEST_14913,11.0
TEST_14914,11.0
TEST_14915,10.0
TEST_14916,14.0
TEST_14917,10.0
TEST_14918,10.0
TEST_14919,10.0
TEST_14920,11.0
TEST_14921,11.0
TEST_14922,11.0
TEST_14923,10.0
TEST_14924,14.0
TEST_14925,11.0
TEST_14926,16.0
TEST_14927,15.0
TEST_14928,11.0
TEST_14929,10.0
TEST_14930,10.0
TEST_14931,11.0
TEST_14932,10.0
TEST_14933,10.0
TEST_14934,3.0
TEST_14935,11.0
TEST_14936,11.0
TEST_14937,2.0
TEST_14938,10.0
TEST_14939,15.0
TEST_14940,11.0
TEST_14941,11.0
TEST_14942,10.0
TEST_14943,15.0
TEST_14944,10.0
TEST_14945,2.0
TEST_14946,11.0
TEST_14947,12.0
TEST_14948,10.0
TEST_14949,9.0
TEST_14950,10.0
TEST_14951,5.0
TEST_14952,9.0
TEST_14953,11.0
TEST_14954,8.0
TEST_14955,10.0
TEST_14956,3.0
TEST_14957,9.0
TEST_14958,8.0
TEST_14959,11.0
TEST_14960,10.0
TEST_14961,10.0
TEST_14962,10.0
TEST_14963,12.0
TEST_14964,10.0
TEST_14965,8.0
TEST_14966,10.0
TEST_14967,14.0
TEST_14968,12.0
TEST_14969,2.0
TEST_14970,11.0
TEST_14971,11.0
TEST_14972,5.0
TEST_14973,10.0
TEST_14974,10.0
TEST_14975,10.0
TEST_14976,8.0
TEST_14977,11.0
TEST_14978,10.0
TEST_14979,10.0
TEST_14980,6.0
TEST_14981,13.0
TEST_14982,10.0
TEST_14983,11.0
TEST_14984,11.0
TEST_14985,10.0
TEST_14986,15.0
TEST_14987,3.0
TEST_14988,10.0
TEST_14989,10.0
TEST_14990,10.0
TEST_14991,8.0
TEST_14992,11.0
TEST_14993,10.0
TEST_14994,1.0
TEST_14995,16.0
TEST_14996,10.0
TEST_14997,11.0
TEST_14998,12.0
TEST_14999,3.0
TEST_15000,10.0
TEST_15001,7.0
TEST_15002,2.0
TEST_15003,6.0
